,origin_predict,0_bootstrap_probs,1_bootstrap_probs,2_bootstrap_probs
0,0.008787260028576046,0.004677639432893774,0.004676166443567277,0.012493256133657624
1,0.09108729829854774,0.08085966477206177,0.09732645601314396,0.1842916859095472
2,0.02467725676577193,0.01742467649822976,0.016884977465779948,0.05850246068246043
3,0.21722421553379903,0.22299374006145276,0.21346295141750807,0.2513976750420311
4,0.026792047041069286,0.02123911304908137,0.028047237615771794,0.038347933813329876
5,0.1734690898415904,0.12451513806672963,0.11106283573922142,0.18946527005349972
6,0.12490737444223271,0.15323884605208354,0.14056725485965718,0.07212634084599003
7,0.03235315167927561,0.022151357968957074,0.02714310340698159,0.037027434366099794
8,0.18133124267637768,0.2070403122069718,0.19054607330803308,0.17634440651839883
9,0.05646846473634718,0.03223585328315881,0.02730958467728675,0.06049592741004072
10,0.047347386179937084,0.034815080944493704,0.04253309700988516,0.0633098832221786
11,0.03232590955315348,0.017828163330158686,0.0140665137846536,0.04239178548034273
12,0.06320002710921634,0.042615637535781334,0.03530046607534308,0.03773035369301267
13,0.08549991846652999,0.08398163670918496,0.07695342912053602,0.05935905914217019
14,0.1284256480375806,0.13473098337151615,0.09809150462791949,0.07688452278434571
15,0.028657560027232278,0.03139943060076869,0.029169009774459718,0.0021106073315659054
16,0.013445000058671717,0.012001114250682452,0.022466697447708454,0.013485568689295003
17,0.019309657071946006,0.010184864963148377,0.014211132128229264,0.06990337949980344
18,0.01665664121040376,0.010398577393657876,0.012336467316912023,0.023822253805823916
19,0.03126076393081659,0.02590803156238785,0.024887180147654484,0.042129830929193854
20,0.024706348116137457,0.014187019084785693,0.012394449452140471,0.032166787350141224
21,0.012066049631357038,0.007119100257102087,0.007874260789530572,0.009229666047679578
22,0.32033449155413557,0.487585085196162,0.46332803364922776,0.285326370451079
23,0.06404655669129476,0.04394537978287839,0.03878219214702761,0.06642605853917236
24,0.030867181618767465,0.016304924666394764,0.013777397723028734,0.05723597915812943
25,0.040657886569771345,0.02704695894552596,0.024038372948578496,0.08710386548175754
26,0.022089205274177112,0.02384382157862769,0.035177824189218124,0.06335345445880822
27,0.18344603971522366,0.1429402966566255,0.1119221843007091,0.17110044863140225
28,0.024371329057573957,0.028364838887056737,0.04191145586934663,0.0961326894020216
29,0.012506689797759459,0.004445753601403706,0.003838578515018063,0.02304035032074023
30,0.0243355398430114,0.02214617480983303,0.023758600319441867,0.0435544691022668
31,0.00500281112040703,0.0016170766462065232,0.0015236411652212757,0.005944508440861429
32,0.05452892622085046,0.033666581979056705,0.02690832171762844,0.09390647865332276
33,0.12782285366900897,0.11481249726412628,0.08746825450517905,0.15196438528942224
34,0.042002688201154804,0.03149243928724759,0.043546935632237715,0.17004009341894616
35,0.04501179904788189,0.03162657418243062,0.03349818635568762,0.01656092103794251
36,0.159703373462532,0.09806883980357999,0.07198312895661628,0.06045690783754191
37,0.05184276253700536,0.034200634938098946,0.03370902261987856,0.11524561568713065
38,0.028244681987990565,0.026652152043973674,0.027956458003301286,0.04673838662245791
39,0.01857261039940916,0.012308950764725596,0.012892583428550434,0.0685832231748388
40,0.03060818108845867,0.019596194716967538,0.022643780251409118,0.017472648647625894
41,0.159996868804894,0.16857100564428518,0.19114792436112116,0.36218626246389857
42,0.0215356979163176,0.01086818696564518,0.010124159699336674,0.015491562289455895
43,0.06791460436620528,0.05216795869022163,0.04514644633495255,0.16059954563384018
44,0.03145910070697106,0.020134237040726997,0.017177344221263286,0.04871125438540916
45,0.05058654463361891,0.04582797405097303,0.06276722288633586,0.1460312795325443
46,0.14760646358140353,0.11828369009383001,0.07737428590727752,0.0841798714706628
47,0.04375517364620663,0.028397948949541604,0.02032749961341302,0.015648443511205937
48,0.016998706760718046,0.008215332114683137,0.00857037974572865,0.02695395293284599
49,0.06979929966992714,0.04613615688712424,0.03584387604514438,0.11128030007246287
50,0.03276068457580398,0.0320448946673208,0.03287105226794479,0.05014285254412178
51,0.03166800870814305,0.01933134047124051,0.016108430205759784,0.0331252939498965
52,0.02096223344996699,0.013793996897355483,0.01467345814687275,0.07884397949740564
53,0.20588890040253358,0.207510960510258,0.1477398938175403,0.1596591735802735
54,0.08376350897323631,0.07132572371551088,0.06485784208277487,0.08281264020479774
55,0.062362641755590156,0.05440059422435019,0.05354065027380713,0.0507667100629751
56,0.01866915843698448,0.012057567583992995,0.011117608687426337,0.023610375844013085
57,0.01466235940597897,0.008242748660118891,0.008866624523276856,0.02044010622420392
58,0.07506811239999342,0.06283770069433163,0.06312467684656435,0.030766534736794218
59,0.029300099634157428,0.018286672237882325,0.019772145438045154,0.04724125295701927
60,0.027967095105771125,0.01941002707364868,0.014700138457910067,0.008736675344160744
61,0.0323075287636767,0.020317982279708505,0.018948277939450815,0.08780513891996575
62,0.042126029082043555,0.025890007393703247,0.024397911624175823,0.05596409854127512
63,0.008596310552239122,0.0028963772997767406,0.002583914001232753,0.019302067479475406
64,0.03989552043735073,0.027157038228595567,0.02245356113674565,0.05615030468791672
65,0.09388541160076501,0.11141141581823953,0.12054124090419666,0.18707694628456792
66,0.04130779538661926,0.036650934492509474,0.03367007400233743,0.046738498192024185
67,0.046033653698549684,0.03806502741113104,0.033868739164627105,0.0828249095456708
68,0.0310256214331637,0.015973252334882334,0.011882073307189664,0.019547824923961305
69,0.11599597767897696,0.09702624493400804,0.09868196993806531,0.12109568626254101
70,0.016895385753959265,0.0057103650191413415,0.004110132592709711,0.016337917435575975
71,0.04655026172772135,0.06532956566622736,0.08936050856687884,0.20848177617201127
72,0.05179358942170629,0.03933521614228999,0.04041410395910507,0.020101847926343584
73,0.07259087636655143,0.07367422463612117,0.08381020387264562,0.06759343975714042
74,0.019283707744045368,0.007278617303194973,0.006163903358576013,0.018067555521213335
75,0.037110697215971614,0.03223270115257871,0.03081764074531007,0.054569385399252726
76,0.040515944717590624,0.02118342882385816,0.018985388883410895,0.0547219395332871
77,0.007847300770468059,0.005215289757858705,0.005563985849859846,0.005518986312768062
78,0.16056917475802107,0.24953735217854853,0.22129490076418393,0.12497403252936637
79,0.06514318975520074,0.05870331996331455,0.06346586660177642,0.12176149833713316
80,0.11432759681676419,0.11932908799830384,0.09793660466310186,0.17853575254627463
81,0.026336830493330923,0.013484007424925544,0.012212508508852766,0.07744900434204244
82,0.014106272340641827,0.013194944821548617,0.016836014534284367,0.04549967482655757
83,0.15745144759621427,0.1585016405461894,0.1872982191915619,0.26196933575108156
84,0.021975244439494897,0.0114279160208734,0.011921789420660493,0.04233804319011223
85,0.01611253323313747,0.012353592283723118,0.02074536464945373,0.0530891306538346
86,0.028357228120553853,0.01653534036966298,0.021427608665318162,0.07889959810608782
87,0.039659211784739724,0.030260895788657947,0.0493285158687091,0.022662669705398236
88,0.04252862415700946,0.035993075113822236,0.04092284222839334,0.10915920205066446
89,0.012815119625780297,0.012255204968295899,0.01645595910019599,0.013070999094355202
90,0.08055476614748201,0.06866436508147536,0.0682471465044942,0.031887507396079304
91,0.014937599648041495,0.005905255757809104,0.005550046517888009,0.01416234401194025
92,0.06762663454681352,0.0512418448268247,0.05736040241855928,0.12387226535600929
93,0.03776452570565387,0.020514441882723063,0.014985192860147213,0.02357204412123733
94,0.06075380282263345,0.036044098726885104,0.04139968305351399,0.14181983805675588
95,0.019918053649684082,0.027733886597920893,0.039506103622165854,0.08551189271815908
96,0.15002494337434888,0.20593942429847464,0.27435459631613224,0.1810028825463415
97,0.013125470050737512,0.006374845646123284,0.005887559196590981,0.01701768857742124
98,0.058455381023746755,0.047231341711703345,0.033556225091870846,0.014670799898978789
99,0.060027571421065545,0.04474913660954735,0.04194092955737722,0.049633845260674075
100,0.013518459288753821,0.006465617756215035,0.005345685675748144,0.0068819082047123295
101,0.13743625774694165,0.1479089528873592,0.17979957609980793,0.1479055288017339
102,0.3061760359996811,0.41510317819538933,0.44762669632555396,0.6144883221248261
103,0.06893963989145135,0.05222178757095012,0.06968460775501584,0.1006948711367025
104,0.1181244576275875,0.14358135788151996,0.16392480937143053,0.08609918464353403
105,0.02738074866963923,0.023318297771880166,0.024612601067575905,0.0895045018783093
106,0.0625927529684374,0.04331126969997468,0.04313189300780672,0.18009820570861768
107,0.07804750646035463,0.05276665962591992,0.03886614970165279,0.08623459783796787
108,0.0687507143262114,0.039777603510440414,0.026143035740213327,0.05246980433175466
109,0.08713548705781789,0.06815618561936944,0.05922080128987482,0.11763605339830072
110,0.08865104115241078,0.07792564633372842,0.07482756623139507,0.14730759407820365
111,0.16253005423689923,0.17848034020529926,0.15404827323910827,0.08232276092907635
112,0.01643439194151891,0.013671117158621562,0.01600783867962262,0.04588293755333388
113,0.010270700007635959,0.004096038146854898,0.004037405429067509,0.031180925776497025
114,0.03185071483360896,0.017102451893735254,0.014950748739472592,0.07980697211849111
115,0.007261959302891896,0.003255398306793278,0.004753024556728532,0.00983613280988004
116,0.17088617487928368,0.16455355046950423,0.11889270895354358,0.14534370156764378
117,0.01571551961317813,0.008161225068952725,0.008129330379029995,0.04440293033315169
118,0.14826750224557103,0.27166532929421305,0.2950667250470041,0.13883190319501762
119,0.055577726415634035,0.06732626732187087,0.08555209620697272,0.036161104541242155
120,0.0512549284453044,0.028042779254119257,0.02813903763896648,0.03408159843338047
121,0.05463698545325916,0.03781856129751634,0.03541583352942332,0.10017016352645994
122,0.013746942445859691,0.013007542016057203,0.014706347847176466,0.01883477678581371
123,0.02360094917225695,0.01888073225651793,0.030867785947268564,0.037439828629993954
124,0.05576895590581139,0.04018614457327275,0.03375125524511393,0.09260595703494769
125,0.009677002976762945,0.003300695413900982,0.003294404636349141,0.05009625310817689
126,0.029443103628286532,0.028023088999774532,0.029009630284325592,0.04493076137058057
127,0.05017943181653756,0.03535738659734141,0.030892164405169547,0.10725711250710922
128,0.015088872539643994,0.010902052660414751,0.020980535421899416,0.01150047853952038
129,0.10761883761633748,0.0826801682628817,0.059509205848873245,0.027164135012008733
130,0.05067018383106596,0.03796502524086752,0.03678509113790272,0.06135243283821962
131,0.16393270007508645,0.14584719780369498,0.11645975710885156,0.13164671251680968
132,0.16579820512143856,0.16008047927154287,0.12201972196265952,0.21532494876050853
133,0.05136576428840229,0.0365749326601025,0.03251333259251714,0.12773126461371492
134,0.1629244307985759,0.16636168469267953,0.17820537939954906,0.20538979926005085
135,0.031091871887712105,0.011972838981807378,0.011832186599137715,0.04412684890482878
136,0.09583634118505674,0.0989553017634434,0.08185607964708998,0.034883235679890434
137,0.04608476219671663,0.04054274920517866,0.04059225996026044,0.052466577109572726
138,0.05751486236145936,0.04302376865348743,0.0434487763776879,0.08674213703708943
139,0.07654861858386125,0.0833305953309146,0.07461524657914383,0.1276271775705409
140,0.014984390101272114,0.013966559708505875,0.022618440305634993,0.005667273564145733
141,0.021944092070380342,0.022901341275523852,0.027683691559842613,0.06284367707514657
142,0.012543605569482943,0.005306145444851464,0.00529622501681307,0.04895863147243381
143,0.019750646688384402,0.019799665204558697,0.022692957994793435,0.0331121061048289
144,0.032033817930302286,0.020606620105252705,0.02275831556411937,0.06601179897528925
145,0.027320848592110234,0.022211996292780818,0.02325892587216483,0.06901334346820821
146,0.03686891907129778,0.026367427618765028,0.019564858857122672,0.009692325539991163
147,0.016009502613868517,0.007679270766296134,0.008374606177273211,0.03537529256574637
148,0.16038070659389705,0.12805495906792627,0.1186432710511526,0.14895076687888675
149,0.0171601492078,0.01534508467209787,0.019988499555827124,0.02751436726900948
150,0.02628203963589096,0.015692033833171855,0.015146698105856449,0.08223014139549512
151,0.043854513211289185,0.030879558926896648,0.034222355736693424,0.023541845387902622
152,0.028168485748192244,0.017709848695009505,0.02101883775878055,0.018950060150310387
153,0.06021955425861498,0.04731690778425266,0.056750449226615235,0.08427904841045938
154,0.0019729754868172333,0.00040014478050761005,0.0004354717819505838,0.012916762281581546
155,0.014354125018958065,0.011639600132567691,0.014409527367961743,0.057809133944154344
156,0.0192937473746835,0.01349663786636712,0.01452783749039467,0.020742070002028982
157,0.21603464221369292,0.21891908341249525,0.1506985019497439,0.12550048411445128
158,0.025001561145580563,0.01459405970169443,0.02369765251170811,0.0770218185506882
159,0.0787881986337023,0.056582935132800494,0.04620765069001916,0.04883511002829202
160,0.033936350493196134,0.016679794449922413,0.014310714200683913,0.02770241801961908
161,0.017829673471611976,0.009513718184272355,0.00910375247425598,0.039428342218507384
162,0.02340750841105187,0.015645224007905866,0.015474857654806091,0.052168830786633875
163,0.016302639718100625,0.00890403353451743,0.008678462511827413,0.04802196739395949
164,0.059699532504734955,0.06108272281038981,0.05859981721474464,0.02837034541041652
165,0.4006701240236212,0.4747176508668886,0.5146628343301001,0.6598889812564456
166,0.08882345890912695,0.07223592581092382,0.09847709309417983,0.20560201316528529
167,0.1049647569470107,0.09840463880667058,0.10691874223380242,0.11586107563640444
168,0.05604664265904522,0.044966100588951424,0.05498885762844082,0.09921671744987094
169,0.0479177645301373,0.04775138046865327,0.0657003006259766,0.07412585852882282
170,0.1255807698723318,0.11161891795870003,0.13524851055607087,0.14472924747301247
171,0.01549851975507679,0.006005877373762957,0.004735072123488656,0.018890583894119718
172,0.06928315755168166,0.053114645976499,0.06253659519313617,0.2086941467226709
173,0.014814534254341686,0.010137809035325919,0.010552909610237129,0.022493576633785744
174,0.0355644462094751,0.03364805108086728,0.044798720947471296,0.1949692321334861
175,0.03970850898401252,0.02613798530187797,0.022829808651424786,0.07259989579334805
176,0.010140506662901057,0.0039465115088408035,0.003528781114857522,0.013248295733786344
177,0.08747846157215058,0.13806740447724727,0.20329951296004847,0.2619246668028678
178,0.008286856567002909,0.005016129028779245,0.005076533776618989,0.007695016466790049
179,0.10863547369348728,0.08817953308384409,0.08545617993267109,0.07071240471833865
180,0.012369182556927321,0.00849905078082539,0.00956445504372802,0.00689651123902815
181,0.07630441702118408,0.09631825445163404,0.0943118354801544,0.17099013279735337
182,0.09112130719868744,0.13663343199256303,0.13720333561490136,0.18527979611313783
183,0.009737458886677678,0.004302212931864454,0.003775372963689141,0.006436896072484096
184,0.07023497178130196,0.0927688611091479,0.109921021030138,0.20174293961787546
185,0.02565266975222543,0.01710648990845528,0.025411493337130633,0.024677411874979016
186,0.061112543288344194,0.07439217490176163,0.08221720063698382,0.06788889960373119
187,0.018714682446596784,0.012473508252667272,0.013281324010193683,0.07944594008080695
188,0.049436971361381025,0.036888049095125344,0.03624533089064729,0.0661539577600587
189,0.24957844170185067,0.32090398204910947,0.29137884788906826,0.3530186736446792
190,0.041601628450835024,0.020939901998057498,0.0250921897296159,0.046904345651956836
191,0.03558742301156372,0.043054336134128394,0.046117021131671716,0.06435824725840773
192,0.0029450221113133013,0.0011478982040521255,0.0013544846912665236,0.006126558781967082
193,0.03514820400525272,0.016791972433161904,0.014309496911871503,0.11953437180903585
194,0.04137263173163142,0.027483221253375847,0.02369455817668915,0.06986537244600481
195,0.08735603345037277,0.1425665406667413,0.24290696670888348,0.05027921310087947
196,0.03708710376115418,0.030043844140308716,0.0333701187133872,0.07101215405308187
197,0.02702924632894338,0.013353201651896754,0.013717552800049802,0.018451152733328903
198,0.016126977693688743,0.017781072961909145,0.03714231935742543,0.03064784958110135
199,0.17664972700611656,0.17325704929986402,0.13125188365889823,0.22163262780923026
200,0.02457384135404466,0.01470362650084276,0.012740101723626315,0.036241348295783
201,0.010253345322922876,0.004486686968426731,0.0046457667784562204,0.01263385466932047
202,0.013500856380516785,0.006499250653529166,0.005548709175356803,0.009070873249823246
203,0.021411392957604105,0.01922830873416311,0.022865455841954898,0.08253132999263137
204,0.024640125658332176,0.015087359624284348,0.018929825693942137,0.02405216115112664
205,0.02726265756195028,0.012921975389052369,0.012961146045634031,0.013253018869656017
206,0.2293871958898173,0.22185829610414298,0.16785648532684122,0.1298987354069898
207,0.04249532785441847,0.04152274266616742,0.048639087012778914,0.09008157674313148
208,0.032746809196109936,0.02893152219141789,0.030253879274859178,0.02046578123049866
209,0.11825513082699474,0.2265432185508797,0.34713091290175,0.168306101991431
210,0.03312328800177851,0.022423591110845097,0.02398564659631428,0.06711031574340046
211,0.1767887366341859,0.16549509512913294,0.15902850374048086,0.15681103951008468
212,0.04888667624787154,0.05545221034974708,0.056076504533018254,0.1073777982660643
213,0.022814215510542437,0.012617877172204073,0.01028631945891595,0.015419427286718333
214,0.20582027259045607,0.40678380859072477,0.5767907028751167,0.19792577879548084
215,0.010984460360729423,0.0051504966063717,0.005097551395364032,0.022502523607550094
216,0.0766756563068041,0.060651288092637416,0.041707293107895387,0.03473762875726776
217,0.01334288390674703,0.010648945756681412,0.010923236277917667,0.012434170483434918
218,0.03412740885729224,0.029314373902861776,0.029684011169978677,0.07648353442019445
219,0.041364238461877374,0.032149958391233434,0.04295181337385348,0.15642338581973536
220,0.2533065702681459,0.47287310517592124,0.5363891983300961,0.2453006558253733
221,0.053108857315886916,0.05746199511874874,0.05129054230929001,0.03496328503099241
222,0.03795526810218568,0.025621210862788516,0.02178983150298893,0.06531559850691303
223,0.011399246317544036,0.007567447910330125,0.010130544586445711,0.02119336005719655
224,0.04063330803839686,0.04749205113459441,0.044982217429288145,0.022767225359866312
225,0.014520598873719766,0.0072161479629378735,0.006495299318756723,0.01630454853197319
226,0.0718766808898249,0.055635491854348344,0.04616182035465914,0.1262698967909147
227,0.04770910437971211,0.04184201837690657,0.03945821478480182,0.03317687188622193
228,0.04970948850623065,0.04047290633271722,0.03705199931246142,0.09861300727055486
229,0.14121192985348097,0.13412711543305736,0.09682592708595478,0.13255388835165946
230,0.13141691241787337,0.1391173333655888,0.12994130654188352,0.11874041041521165
231,0.10662851426121928,0.14066998471123393,0.23093065599904664,0.11886900747128289
232,0.0334403270871487,0.01618922955167142,0.016571282637328894,0.09411405292225498
233,0.05773112549633563,0.031297162146851486,0.0239376313792847,0.11347175622833841
234,0.009599871907257031,0.004356803328872917,0.004415645067417967,0.021750767950084574
235,0.1593204448590283,0.2261594207823546,0.22892963663938465,0.1463669964511501
236,0.035182325029550716,0.022247446502329692,0.018970003836567943,0.04832994379340462
237,0.030705730617838833,0.033852955730649004,0.034580006712977174,0.02686603670417466
238,0.011873686748650471,0.005947325836495276,0.0058676189200069714,0.03070393658900014
239,0.03392585744625767,0.015192573481877329,0.021639873399301988,0.09021247995735214
240,0.12052273472813606,0.20060109846345756,0.2710490895883244,0.05723667390605355
241,0.044399327412956414,0.05075685256395208,0.07709955486670693,0.09810670441339175
242,0.10862216315634067,0.08094648908372587,0.05865154716030603,0.12602800650319396
243,0.011682417804746109,0.008833206339840905,0.010296633924128244,0.024176759818604114
244,0.02482247585067647,0.019357360752758183,0.018912839379567482,0.03249771296195008
245,0.0705975863779905,0.052765039095844755,0.038012681838243814,0.03747928669855449
246,0.021946275860552717,0.007136873249425058,0.006045454528474524,0.03009429114100782
247,0.03278073194296296,0.018593207237318134,0.01696522663896269,0.02734952629933471
248,0.024161278799089313,0.012493614489175738,0.010811895445759969,0.05582335547343898
249,0.0393006177570413,0.02168718687247396,0.01614209868571114,0.029690211026400237
250,0.0323885262327143,0.021980310770349634,0.025764277672087638,0.14392324993967223
251,0.09788710121617245,0.16089135409598584,0.24464365352371165,0.11132131902213623
252,0.07752294256819081,0.043118077748687235,0.04081762273162266,0.07917755020121367
253,0.01188819595778578,0.007787940849652234,0.008804193724527717,0.030904303845336014
254,0.01779452306574098,0.00552374697461738,0.005002994086873013,0.03674997822974386
255,0.042549210526457944,0.05271499765646884,0.08474760734149211,0.04312819645007242
256,0.05197566512535417,0.044927146127641926,0.059234013243833115,0.24356229354834405
257,0.04209939036199159,0.027926318413818645,0.023355543220961544,0.055829859250779365
258,0.03912230085611032,0.02158310555174641,0.027646209958476536,0.038178550633069415
259,0.034868393097001425,0.0357254016299795,0.0342917430587374,0.03848855076810445
260,0.00909574990068454,0.004307969305207763,0.004887211452555355,0.010911703193468058
261,0.0032167696141880073,0.0009405597938793593,0.0009809915098614324,0.006538619567992156
262,0.02578274187357169,0.025876804960242656,0.02788203222395429,0.013490636114305322
263,0.05240440461549432,0.0674874394800509,0.060709551924631226,0.02748023315942843
264,0.022217848585545968,0.012739324822488685,0.017781649746661295,0.02162590525492126
265,0.09104585488033767,0.07255513083978295,0.08316829278709156,0.04584110721116105
266,0.017462935218277062,0.007847422903069137,0.006702687724920499,0.02332970318090666
267,0.04169549753826543,0.03427187854431058,0.03490676880767542,0.04179053576197825
268,0.029972335298556623,0.019132837550140495,0.024576921391854984,0.1221341077653013
269,0.07355636826925144,0.05874839784864775,0.05755213051524473,0.10294105804905573
270,0.026130415090249125,0.017740426399202952,0.016319301151157466,0.034183726991409404
271,0.2509198698345732,0.25289218266874364,0.21785901546212064,0.42489276737931175
272,0.17252854589122102,0.21969723469599364,0.20974986698667034,0.14774503832211375
273,0.1021743009496834,0.11835951608911409,0.1270935009623743,0.16647613504768244
274,0.07700716097456232,0.07660451338960204,0.08937745503581536,0.07787608029547556
275,0.039194227010546374,0.031094222126283266,0.03639573779067497,0.09669820862787049
276,0.055788606176627245,0.07737409528111744,0.09422992198384782,0.08689210282036063
277,0.15930837097805023,0.18349215734686294,0.2037403418681438,0.18456129958853237
278,0.02854566588549464,0.030726426949708036,0.0307606992155858,0.01974365476225222
279,0.19856030568967417,0.200829422501261,0.15244615496461428,0.25679948652322854
280,0.1376015407387922,0.17501830889112352,0.20841325022968638,0.1774566060114876
281,0.10316000664268253,0.10331281261239347,0.07911931336352158,0.08650755735025316
282,0.00929683499281515,0.004151125235964694,0.004065687884559653,0.015325755032011435
283,0.0846083238336065,0.09496600713144715,0.08695171194514302,0.1782134272825051
284,0.04845346125455951,0.04851390094287231,0.05382680136146529,0.07200630496830474
285,0.03500882225505003,0.02173363952338832,0.017110509348905793,0.024228819353242927
286,0.06055125922818895,0.03647654655133964,0.037883030048971096,0.07059470724438985
287,0.018005936335525174,0.010127954218793603,0.009933431691319602,0.05997161672008846
288,0.10458627495714791,0.09493009714055209,0.08644933704173016,0.12170534579798277
289,0.02000686676571189,0.007676274082059547,0.008448701949157266,0.027429971606271704
290,0.08029889567957739,0.07956459383443852,0.08641970071541769,0.0443763862385622
291,0.04743988687161785,0.0471404726598309,0.04243183861422769,0.013374221437680661
292,0.04894890995713906,0.0230758485970765,0.018740724235776135,0.05306251858798416
293,0.010933650325442875,0.010142777365014701,0.014766886277947582,0.019159232537628097
294,0.12405803232487585,0.09946298921710794,0.07154751793352586,0.034037244472727594
295,0.018468792256801016,0.013712102819594696,0.015668556620412572,0.07259955859018957
296,0.03096280590591237,0.01573358538462277,0.018966901197149468,0.014605194915048482
297,0.02123228637993674,0.0219512442748851,0.026486398018985145,0.05838808580139092
298,0.010242589140487736,0.008530705326253721,0.009551103473542643,0.00831738559324075
299,0.058600665332288936,0.027863949785076177,0.03873225101236361,0.0738932221977219
300,0.018965175665908468,0.014264799884212807,0.013593099244002628,0.019912082140462823
301,0.03229189346564058,0.022675355592629152,0.030506728256776288,0.08646772013137684
302,0.02166715224140919,0.023941185097296164,0.03288335058114493,0.040465809798170375
303,0.04360314696021127,0.046797413942781425,0.05413572176189881,0.04300192815680971
304,0.017783472147977555,0.009612643372214447,0.009805442332458595,0.06683934904735893
305,0.009923913187201502,0.006674882496453541,0.009534097994433954,0.006230628677759985
306,0.08085230345708147,0.07889499930928648,0.07531424213430625,0.07710261907435075
307,0.10359281489636676,0.1858131832374743,0.23330635198796243,0.27949587015173766
308,0.15772411036111356,0.17557811697418296,0.22448095042752014,0.3066632307062524
309,0.017341447511100134,0.0071679359438911,0.006800800698512699,0.0200231863528023
310,0.01722659871467786,0.00916112803148225,0.009032197914869863,0.04774556317586885
311,0.020820130571543097,0.01175390621075896,0.011916415125192507,0.08289573951749955
312,0.0511399928102655,0.04682818584906859,0.06329763385131328,0.12580552474118567
313,0.017311531794434922,0.018348652563465347,0.03924354610472192,0.10341280901018272
314,0.03767273921806587,0.025287643128725456,0.021157389315806886,0.056266843684519285
315,0.03344704235858297,0.01823037131588933,0.015988528336667748,0.0888668204228295
316,0.10579799936386634,0.09549260773871888,0.1015522416648793,0.08561386451557439
317,0.09367981251899668,0.10921402555227205,0.11103261103909301,0.10715196616847779
318,0.10689306923627105,0.11811031977427074,0.09166695450254118,0.0524555898097854
319,0.0948070915365305,0.0888719624841026,0.09123391404030116,0.07038953155319833
320,0.033420607984808524,0.02109083321002175,0.01909687545455997,0.07304487597317574
321,0.07355636826925144,0.05874839784864775,0.05755213051524473,0.10294105804905573
322,0.06879945010459892,0.07073324658398371,0.06724429270865741,0.14643802306609374
323,0.13055982070498579,0.2253197213833267,0.22348006104933457,0.168838286677959
324,0.056875170345187194,0.04041841479209546,0.030944662157959393,0.04401465435166011
325,0.15818550044315466,0.20235893687908935,0.18095872369961868,0.08162160004992798
326,0.07574905422687639,0.05039129144338355,0.035884265670320346,0.061968164331046204
327,0.07283815833161962,0.07110321719308248,0.06393384370053885,0.04605017388181378
328,0.09269680104553729,0.10161724526364549,0.09025350523562993,0.13537135633802083
329,0.06252169597752344,0.07210457527571046,0.12258106106525683,0.0386291971103914
330,0.012813819901361977,0.006049319988040317,0.006665093176437221,0.03190116935474552
331,0.030243840723152154,0.01645633083311187,0.013344748105812926,0.04762195617444085
332,0.043549024384990365,0.03565935053072652,0.03368492471922981,0.023419403933826816
333,0.03634541238816022,0.03699242796738427,0.040008561332271264,0.0936847486730452
334,0.12807995440878858,0.16485169270900624,0.19224385473483813,0.1429263948435434
335,0.025944348050149287,0.01604880876240802,0.015113251538083053,0.07960693430824792
336,0.02091797262213628,0.021859790727521325,0.029749213143276373,0.028567081655702434
337,0.1763228535615566,0.20475620468076172,0.2114065072715498,0.11436634941397959
338,0.14362074502035627,0.13364300462343312,0.10310639955608726,0.19684198942431513
339,0.04458382570341587,0.030649901569200225,0.02951854349210045,0.03701515552084117
340,0.23974370234976905,0.2167802150517341,0.16737145232468828,0.3102620953476202
341,0.1279415730031724,0.1882841753177808,0.1989592515694443,0.22428957366150082
342,0.03325639052369362,0.03288967250977018,0.03483964142329795,0.06761501712113649
343,0.10866166550153061,0.09945426750768473,0.08950315022371519,0.11735528420981911
344,0.08571023486733607,0.06944695288807103,0.09334627373612608,0.16225338137229275
345,0.01767872417963779,0.008870721025413912,0.008493910647421632,0.016941336224080637
346,0.05493065321192338,0.03410680828547479,0.027707806113775053,0.10831365733970937
347,0.12833411548169232,0.15302200089368184,0.1152914288622252,0.06304829726668336
348,0.027261895638530716,0.01763070610563333,0.020785416527629583,0.11356136363310314
349,0.0302413498922619,0.021589094055022538,0.02069439999526914,0.06235206877776832
350,0.09640254647045235,0.12085382685135004,0.10629643311291624,0.08414812675296657
351,0.1502451895163578,0.20033954247252203,0.23405392996125796,0.20413543393710748
352,0.09413744513221428,0.09952700031979299,0.07291164697248083,0.025476993414420186
353,0.12026839242049435,0.12182110646397687,0.09818678323999994,0.140548545139974
354,0.09299534621926098,0.06816623936359648,0.04686269248948435,0.07706951554337212
355,0.03218255008551981,0.03201242358430272,0.029625580598719597,0.024310673461185324
356,0.013368098859583512,0.006603196293437366,0.011108351701503238,0.03489764171590393
357,0.012999818976839335,0.005882884215166297,0.00643582255484911,0.025189993092202278
358,0.10116553195882333,0.09780005634148785,0.07870366225363495,0.10700829998362266
359,0.10860690194592054,0.08637722204844467,0.07241632382101365,0.10458554189225343
360,0.01919941505380738,0.01175190676125079,0.017986203352576374,0.10048706354965932
361,0.04191345911385711,0.03385746983280021,0.05179802997825973,0.09793246518541411
362,0.005366691354152298,0.0032511463875514093,0.0036718049353509233,0.004592413058493794
363,0.12595595898059977,0.11262830062381232,0.08567160588597648,0.14698868079969712
364,0.02641160709291599,0.013115705927275553,0.013515380993598813,0.10040486393949173
365,0.06985112484311128,0.05402070663710073,0.04884553832056882,0.04752058119387669
366,0.035805368086755794,0.03604619776091775,0.03775933234551142,0.06998161955073383
367,0.022752512391845614,0.02191772651057357,0.02809618316434366,0.03999697014935648
368,0.09807699308774291,0.08368522431088295,0.05891515664637189,0.06307233433110535
369,0.022853858641133935,0.018463707184839428,0.019274463807373448,0.06007260645595425
370,0.01641260494518399,0.008545060441855443,0.008134040983155108,0.03264898617135098
371,0.0056744830319706546,0.002014420187410019,0.0020242269662185267,0.015891441290588074
372,0.06316259138445236,0.07216888201403097,0.06722108678853035,0.06856527911623664
373,0.03160256673009999,0.028832639879434734,0.036881979150761045,0.02151726360966837
374,0.0950557601178499,0.0764490711419726,0.05157264522287888,0.034315845418212726
375,0.03565917600291217,0.026668459929908718,0.03523414158130839,0.10114943912915304
376,0.15281856912853378,0.17591988520193866,0.16821308067359084,0.22505172283877636
377,0.06750779522695187,0.05125251542385825,0.04232110811686183,0.10998317009864306
378,0.009644215874344554,0.008250821551945696,0.015797342346523222,0.01082782286423165
379,0.06758500809402705,0.05515922873117073,0.0549891319773678,0.12359646293426069
380,0.14950469414197676,0.14056591487074066,0.1132644551062308,0.062319141248553506
381,0.03590507114991337,0.02199613284397954,0.020677501454371694,0.05046862873937289
382,0.09679225047929335,0.14462023790989345,0.21241178342184674,0.13018671442027027
383,0.021978632504865307,0.010654463861551878,0.009537484625373056,0.051755994110043245
384,0.059728892666449984,0.05196646694887024,0.041599266553457075,0.052558742948742375
385,0.061534945263594994,0.04263477134640104,0.04374511166839471,0.21815615295230784
386,0.0644434521489402,0.04180398579666937,0.03330395839470963,0.11972315222714909
387,0.13948729246193128,0.1651557883157884,0.1318769692199468,0.10070888921812403
388,0.07924774707018481,0.10972591853739767,0.10539720633308838,0.08364141833709285
389,0.10089291728493176,0.16180425811019436,0.17376479127637828,0.10590708279108389
390,0.023512728481339756,0.008648250612082235,0.007291767336458582,0.08907786184952995
391,0.015689457831214414,0.007806964274464705,0.010936050912413866,0.050295047163423146
392,0.03404422030046025,0.036977376883609074,0.04049531378760222,0.025912299374376908
393,0.039948928575155286,0.02851630202664652,0.030369818108357347,0.0893970158079808
394,0.018982272248268133,0.020867739441697866,0.032444473859581324,0.09352737204957426
395,0.030562941696677653,0.02490919397991912,0.022787279167802616,0.026590882549994626
396,0.05303304831259148,0.03813329632588147,0.033973560579493405,0.13671015995108748
397,0.06320670731098983,0.05174202844678718,0.04601557878772078,0.05257602121159471
398,0.035417062455826,0.028466945896681924,0.03403890648686226,0.12783078809518164
399,0.021932704158142274,0.01240497458168624,0.011836671819899534,0.05504566944078869
400,0.003241764443740597,0.0009532807591645954,0.0010109384574854274,0.00765502005961561
401,0.05444941855418328,0.07301294222914066,0.07971166131676767,0.029900638804129222
402,0.11211283249266905,0.1458346104583954,0.12989036858111697,0.11963742738496254
403,0.036680185513513146,0.03511006849094408,0.036878829435306605,0.033036149985360995
404,0.053408442000343205,0.05106560377597062,0.04772704317368511,0.08401008783786862
405,0.017299687050899758,0.013988986417803903,0.022300656115637765,0.04746280360619989
406,0.061032639999171794,0.07100601109961832,0.06164551328544248,0.04226974438608885
407,0.08790954688487679,0.07989516952805022,0.07828945127230613,0.21397337423872098
408,0.01687637744879405,0.015409360630859759,0.02845597814491926,0.08163528224060822
409,0.09540497287856403,0.10290344532951583,0.11029381562016237,0.06690445356414644
410,0.043791747978697615,0.06176745959145734,0.06842616998324101,0.065164038344922
411,0.06100639112030242,0.041500614117308446,0.03765437879060477,0.07713157323109192
412,0.035574286609426284,0.03886085094204934,0.0632415680794885,0.11396214937706693
413,0.14053975809024025,0.12165752785290758,0.10585601448705566,0.21029834256226687
414,0.027241643235206947,0.018661749655956048,0.01694172062599593,0.032844928079967806
415,0.02351277784163464,0.008874755555421837,0.007081794003807403,0.01255851197679077
416,0.02818455737171238,0.03379057459797362,0.05015176167892656,0.137547192049707
417,0.09646944853717664,0.0776218200689681,0.08531934536265082,0.16566780256405228
418,0.06845182948624984,0.09052356498749584,0.08235915867055914,0.03979998386215529
419,0.04251721004128209,0.030352561765882954,0.03030991196227085,0.05649186091089895
420,0.03009416104538092,0.03491609326707727,0.039852451770867124,0.01459736113028668
421,0.04655100798315193,0.027492491530309297,0.03171311177145036,0.1394729458469507
422,0.17325722792077786,0.1513723153535661,0.12522611902770714,0.15851577852471033
423,0.12722780025945532,0.19272772090104767,0.23337647876778797,0.16761704395854174
424,0.06190590061256063,0.044161357472117746,0.042166157823810335,0.02704064025269914
425,0.08436872835891383,0.066865772060663,0.04968711923790369,0.0655920551771425
426,0.056441679787421234,0.028048948068095374,0.023749317844652153,0.09525324143767469
427,0.1322636063109047,0.11530449287692181,0.09348759824543934,0.1286481875410523
428,0.05947117257090477,0.05115140599806324,0.05018976794377666,0.0453975803455051
429,0.006012608657279128,0.007253890712874516,0.010069143326450161,0.005947130306161867
430,0.07082179200297965,0.04175623930814435,0.051287986350762434,0.028185137589314877
431,0.23523473097623565,0.2728816558776226,0.25692928392426473,0.16432874514486812
432,0.010125228995802931,0.006496288967446218,0.006657176810873033,0.012251640214418153
433,0.028296247400783573,0.022274259602088963,0.034176266650062334,0.12978449214290116
434,0.030139238475134923,0.01575111676259212,0.013077806113125815,0.04744692765181211
435,0.05447053514749329,0.051357391072530234,0.04381098419853835,0.03973163436690828
436,0.04928202987034852,0.040154701965052275,0.03731618129015695,0.10976807054583043
437,0.07748594270817938,0.09014341897887591,0.09687801711162725,0.02885722217647256
438,0.08237936074011444,0.07024378301981186,0.06575871747420803,0.10289233689417836
439,0.05358120506544362,0.04039624997738295,0.06416862922859154,0.0639437477034846
440,0.07139012756805761,0.06843960832583496,0.07406252971916417,0.18688822272990752
441,0.0222724290822474,0.019555999110741556,0.01989965735197738,0.023613162729409092
442,0.048171650174231646,0.036021381308978535,0.037026613341828926,0.0920824377127317
443,0.1902323049717956,0.21300967993802591,0.2206515010270125,0.28343833421759684
444,0.03053322256834326,0.01930113041716925,0.01671476127185995,0.009408507467209844
445,0.12226743914688935,0.10986583734947816,0.07342886231986305,0.055896698581094285
446,0.15380610077433995,0.21256352971987788,0.18699766359920594,0.17194429385570886
447,0.058365280274072825,0.052977781775895676,0.05507578328287363,0.09026201040699901
448,0.1481490049692865,0.1374982765861731,0.10040864922278316,0.13185832804816303
449,0.09691498846478183,0.08988879437736849,0.0812436172763437,0.12408475800370787
450,0.15242557394713455,0.163661033590349,0.1776290398354476,0.2885020271247589
451,0.04336995028894899,0.029424139783552898,0.02626540110110607,0.10038467505571548
452,0.03948256619987561,0.029509082461048365,0.02458236412374361,0.02999644777226714
453,0.03396171163346951,0.02187000871882564,0.017322237492585206,0.029548689542357735
454,0.13240231074671752,0.09565034387232962,0.07007689590108228,0.07319020608624627
455,0.030291270419808478,0.016740396540163786,0.015353370386639293,0.024066745674614747
456,0.01831621765626427,0.010086592347305199,0.015079219624866963,0.027486969723442722
457,0.06322967703468733,0.04766948349386146,0.041680298479995936,0.15568145318058724
458,0.02522517337878275,0.013814045303521287,0.015246479408147669,0.08560308579307525
459,0.10060297860044709,0.06073709510755866,0.044256142059880876,0.08708988893326564
460,0.06437516720095035,0.0634898250233002,0.05400114072168682,0.0515011526032411
461,0.2952224927678244,0.4518009535465836,0.4428903628248867,0.38030514816320743
462,0.030917894852169937,0.0319712206720996,0.038531846747605805,0.04109222362748115
463,0.013216744537788412,0.0101930980930142,0.01909484964458287,0.021040553102886182
464,0.009769329976946947,0.003839195136536297,0.0037723726221823577,0.027822490980114703
465,0.05635461652614502,0.03739811665488195,0.03374709084776624,0.06430345211356703
466,0.09084193483490495,0.07231814537646303,0.06769790920173248,0.04558060939390742
467,0.006463930874296712,0.0019143135650529634,0.0028000459627882963,0.041944110753219584
468,0.34156164359405045,0.5633359668212715,0.7263743900453025,0.41072313404331434
469,0.011428670899042533,0.005995680448992324,0.008395284441574717,0.10512484597033782
470,0.13684923613470512,0.21308972781696117,0.2221151283439093,0.09548291546916535
471,0.028244681987990565,0.026652152043973674,0.027956458003301286,0.04673838662245791
472,0.06256818600205244,0.056100565896745176,0.05026341433215268,0.02803754978955835
473,0.011114147696206228,0.010133206182314886,0.012648353177833497,0.030237487493018703
474,0.04628047998083249,0.06022367910988315,0.06923335502029558,0.03508832011417458
475,0.18992728577007453,0.2019358223115191,0.24191970221412598,0.40898383983996917
476,0.07332246411553531,0.05198127300767966,0.04422097851088023,0.06135257704784703
477,0.0032017487349323844,0.0008406696478837781,0.000841967820071877,0.009132846039156563
478,0.06491836223111079,0.03244192020232492,0.022219291914649313,0.10703562742818673
479,0.06719479899010149,0.09463557931964978,0.09747831208625186,0.1386373232669523
480,0.03934447800355355,0.0225425530397582,0.01998566171667633,0.12607227185662992
481,0.06295653626141029,0.05339995036138539,0.04323633387656227,0.0522576594418739
482,0.0038967655436133314,0.002776939130237205,0.004208679591455719,0.02490018795361796
483,0.04065905845944529,0.044093775167820135,0.046943400328568065,0.022823889402016677
484,0.07852606031554198,0.08065808952036975,0.06459045411531245,0.042291214441658495
485,0.12902326120177143,0.11145321630795774,0.11080575914705652,0.12777151704295142
486,0.11347706918663622,0.1864173924278177,0.2583630624685274,0.28346186924201644
487,0.06576843892637006,0.039878021835296366,0.03792562705156252,0.038530111003721064
488,0.06150427996465447,0.056604008353130605,0.0731317607297203,0.10692151247017
489,0.10364168518692418,0.09397338896793397,0.11000724101621506,0.036502066214034956
490,0.12379137585651927,0.14389788165215087,0.120121942450638,0.12501852849562617
491,0.022583356114229427,0.012580523203683469,0.01075318223659008,0.02278533544246219
492,0.03337143901583978,0.034335451161694196,0.03553478868340759,0.06785914426076883
493,0.047724274134672215,0.042023560379872045,0.05183152152055404,0.25788664043299486
494,0.051270899810597965,0.08120713677568672,0.11146738385348245,0.027621628634666617
495,0.00743328469483929,0.0024418643881761156,0.0023399208738010256,0.027523622874079976
496,0.05677353406254247,0.02899289669640669,0.022518370767309365,0.057107953559620325
497,0.007741069042511307,0.0030292369526024234,0.003313924656168525,0.010043045585918309
498,0.006152758388176679,0.006167816226011251,0.008374857369508467,0.006760030105101488
499,0.048113296053018215,0.03555070468884003,0.0434680821990357,0.06567105677731036
500,0.19399792208387878,0.16955336414184227,0.11362448038275107,0.14643896207725887
501,0.12139569602859437,0.0986418204085192,0.09696782192124528,0.08630447350878336
502,0.28045440799707627,0.30632901583339067,0.29982188882000627,0.4597895749214469
503,0.053833734283278915,0.07164380067038213,0.07285340882622568,0.08512822028253693
504,0.010130722928842255,0.006169831526148785,0.010190576558343642,0.03904286369665974
505,0.019260644320634783,0.014427293723204716,0.016266567070945082,0.06986504698700782
506,0.03239021915347468,0.02011112395962531,0.017603947039102487,0.052277688063651365
507,0.039619332438704545,0.04888100074934951,0.050312029751903596,0.05520464985444052
508,0.186141069997225,0.4047719322737624,0.3833452607360376,0.09027056586832102
509,0.02126421771950393,0.00832397708420636,0.007325408077743601,0.029823514652893412
510,0.04552952508110636,0.05776489516745096,0.05727141163446655,0.050941468955879525
511,0.054111265067437665,0.031663729209341185,0.03369262779372051,0.07088352210596258
512,0.11211283249266905,0.1458346104583954,0.12989036858111697,0.11963742738496254
513,0.037169201244393914,0.02414245020261586,0.02166827250820784,0.08124086479461684
514,0.01895665387188793,0.008130930295519556,0.00814071077606458,0.0370477945206762
515,0.07984740992873131,0.059577046130123594,0.06009284469750595,0.057224031968274316
516,0.09716605542280941,0.09372993216697038,0.1347454413009585,0.2588989168749454
517,0.012038083889443009,0.007168662372722029,0.010434674022187685,0.0752960803083284
518,0.1000893027316829,0.1113615007620529,0.16336834218604282,0.23384989278607468
519,0.06288030512150232,0.08397635779904283,0.08811065243535385,0.12056577033927927
520,0.02718005980958679,0.014145538514936164,0.013254376992502861,0.10708559742195929
521,0.08329739909067765,0.12483542429714317,0.1718218727118487,0.10542334930456615
522,0.04334918212304144,0.02625131650589888,0.022190428410171416,0.023178708409308618
523,0.05132468892805951,0.03398778376335161,0.035458791214164745,0.03642631012724109
524,0.03044110304670538,0.027099545255462838,0.03166044024695862,0.04852954447836976
525,0.15403123183071066,0.251898778412786,0.25900726771493204,0.1265888860334991
526,0.061882545122023846,0.07364520267373681,0.08921526120603086,0.12313411165347034
527,0.02954220343998054,0.030775173855710745,0.04168473758778479,0.019673511679150605
528,0.07027247250920166,0.05199089567406751,0.05875129891069,0.1261118010919829
529,0.052776329510401156,0.03726658773599048,0.03068938157325261,0.0718638114874042
530,0.06685561886241538,0.05110670743312587,0.04417702735944836,0.15539291221614926
531,0.13755773710108457,0.23729365479658696,0.3495188176889895,0.24523229381218742
532,0.02405797819085533,0.013846033951548565,0.012668374662978654,0.04542221729446037
533,0.06394421188544122,0.05530531151904874,0.03930835449719193,0.020861109348711826
534,0.020176503915706863,0.018390695671257704,0.02663396596714664,0.07199901304222339
535,0.012670632373140964,0.008707484903035335,0.009194601059067633,0.023610318116218228
536,0.04222344126448155,0.026015338166755986,0.020122693845064106,0.012465537703357812
537,0.03686324581592351,0.02754173915784043,0.02510450116944161,0.05745148670832246
538,0.06320167864362082,0.06712930769197212,0.07008071339306447,0.06872791090534289
539,0.07717429955992075,0.09390633834029191,0.12515151605711614,0.04276711784561923
540,0.057561937922993245,0.04483002187289392,0.04379667187549037,0.08206017977872614
541,0.12465847040066615,0.11816196637897354,0.126732890049753,0.12588347109797696
542,0.08507111547964913,0.04277949586371681,0.024580959540582,0.03203051841064052
543,0.06498842421339183,0.06968754955950753,0.09129317446479208,0.08801974472928883
544,0.038718427314306185,0.021123862276618676,0.015213347928753274,0.02178904732278396
545,0.2001262319642205,0.19581310582372824,0.1651326199240025,0.06924835538959993
546,0.03530379286826403,0.0232366496680571,0.019354857718767673,0.04850806382310683
547,0.017960114754617024,0.008000333848109492,0.00631722226943408,0.012472742624078258
548,0.029132373369035593,0.03298972454873414,0.04288985211135436,0.035555423100054405
549,0.02936563648310024,0.02316428176545862,0.025175198509373213,0.047619125707075986
550,0.012988396811857305,0.006453870061075251,0.005452505350813395,0.009486338304594753
551,0.053294218073207646,0.040470530616826615,0.039738627305194264,0.0727012960200442
552,0.011938550063054016,0.005736577169116545,0.005707346376792053,0.027234345937009928
553,0.283610075800491,0.2929234882403813,0.23556462871912462,0.2772623970314582
554,0.07958000871304866,0.0542161540861232,0.04237174566874559,0.026987716133576332
555,0.017201586477831345,0.009878195106357492,0.011717808262501905,0.050916768858542814
556,0.1661668303139011,0.21990782152073324,0.33622568486929194,0.3858839073256732
557,0.05477455986329801,0.04972630626290268,0.05898803110879234,0.24198014406102625
558,0.08662424466525213,0.06698000727033669,0.055565923278561906,0.07928160160363422
559,0.06737327946184603,0.05927359453711359,0.0521076173947481,0.11651906379205432
560,0.02933839653468909,0.017612479138904246,0.020982072547586585,0.009037783531922736
561,0.0655320656836019,0.07384401773835704,0.08368110138496265,0.1858085726963773
562,0.027764261383636427,0.01597753781828947,0.020702858914263135,0.013901048369275349
563,0.08823593662696513,0.06183402140551277,0.06233319190969895,0.0262803491346671
564,0.03406280240966772,0.01684875401598398,0.018703366095229233,0.03881631429385913
565,0.2080439009571038,0.23339358076987593,0.25954369684438067,0.4748732215788014
566,0.035713320181450826,0.02284003535981092,0.020123406122713676,0.06521377490337434
567,0.024066095447071837,0.021416138640260353,0.03468463138840607,0.09829031757187509
568,0.036449115536826934,0.027601248312221945,0.027200444606509125,0.10704670319654154
569,0.16164635396849458,0.2095321795584113,0.23200574352342473,0.12583871155971346
570,0.028973439332516192,0.01286336107512216,0.010150449112969997,0.046384524162463886
571,0.042342278122148934,0.025665416831725484,0.02294644098474736,0.03496739890307112
572,0.1793083062465617,0.17562595281538482,0.12957821667371316,0.18311023951412828
573,0.08722130177327257,0.10691717571239376,0.09465377561709053,0.07568299925572815
574,0.061487724223244354,0.049132806533680996,0.05196467887062609,0.1839630269337045
575,0.07133617101961977,0.05239655589125949,0.05751353788600543,0.09615444175773415
576,0.02136216193660692,0.009304769052383588,0.008525826895419846,0.02147941368023355
577,0.05494039675107569,0.05175958351285694,0.04350289971619314,0.035410840699384834
578,0.04653567056112914,0.05424971395444799,0.08496055874498479,0.13911751389437813
579,0.0312864697013067,0.04566617972089213,0.076200728325209,0.05804627775365358
580,0.010700902926586093,0.004334348909297768,0.0043528413259301055,0.03919471748058258
581,0.09178164540364571,0.11804317424794533,0.12952804923222067,0.1092838851129352
582,0.07275964308552312,0.06688803216700238,0.05355996164417829,0.07298179322173463
583,0.13870644641227048,0.19623817735572363,0.2885203873541126,0.42011090963179526
584,0.0417966778103391,0.03478768847148897,0.0469804921847166,0.07549443952185532
585,0.028100090583211317,0.02789813732914446,0.03142372645464255,0.01904767144520062
586,0.022148614580118454,0.013203391030640593,0.012912172718149477,0.08302271939780544
587,0.013035785194338578,0.00542598808318483,0.0047733296425026515,0.017954147657606973
588,0.006229487970193965,0.004214332822326201,0.005332939748838368,0.019664167250036706
589,0.03179060348063985,0.03041784607270071,0.02925136000796284,0.027212864484893833
590,0.01180450358515994,0.010838696602699337,0.01294273033654209,0.023010063354027947
591,0.08391722855272041,0.049066556763977066,0.040499100616307356,0.17550412753272795
592,0.00950425809400265,0.008199346071465661,0.009664619080794374,0.013961733028164695
593,0.047884213004735596,0.033038412982236635,0.027881423557075208,0.07482220398471238
594,0.10773039245309793,0.0857303564790316,0.07291356211750054,0.11632902452319836
595,0.019729779688788706,0.012190530206459594,0.013787762505836531,0.052815404072314304
596,0.02734066142780617,0.01568600866073264,0.01568843375447767,0.05292553517611544
597,0.08790483174494589,0.060757506484619715,0.04183532381242457,0.05936254393237028
598,0.08280091351647573,0.08109513549063906,0.0763896953218117,0.07156732954616563
599,0.09493995809349322,0.1283913155597836,0.14645791273359252,0.21215156898078855
600,0.06407370031404047,0.04196275185098937,0.037109796681241654,0.054130366387839586
601,0.04658808853543097,0.07007994717721903,0.08412252518117987,0.0332884640018455
602,0.011161568112770668,0.012018772356199726,0.01676388622036854,0.04899824400831183
603,0.11428200879943129,0.14528807977503808,0.180611952375548,0.19959906489427756
604,0.11567620979545006,0.07571944413718905,0.050183133990905515,0.10683761306683155
605,0.056696810130699944,0.023899961745334295,0.017820552591481083,0.053505915223833495
606,0.1659927261452037,0.12569599373460383,0.07891810777150035,0.13510089386194352
607,0.09522680903192987,0.1411665318903799,0.1612742188994338,0.11161832619611581
608,0.05604095979774442,0.06642761049284979,0.07200413510226886,0.04861237846658544
609,0.13806440441401868,0.2257378752656512,0.2548912317848011,0.054310877339757965
610,0.037825130101420655,0.03145403716317985,0.03941732431561891,0.04018225356273969
611,0.09687753650582874,0.09739515328800041,0.08489160133617095,0.04712910291701134
612,0.07463608219977896,0.06746907405697546,0.058857207886601634,0.12891466568277607
613,0.039829654600298435,0.04722113162500539,0.048997602823894586,0.0491067063799384
614,0.10642229061292782,0.10562928789935952,0.15352239607511559,0.07105999136443403
615,0.08331358558511646,0.03987396933165986,0.030134485861029715,0.11372814984294884
616,0.022943517012448084,0.011963535882050808,0.011928671165924483,0.031112900896331085
617,0.014729266478545217,0.007320724154121259,0.008536486727226154,0.06522725056338208
618,0.011536334059965011,0.00683423284707538,0.008167795146658278,0.016659677034327504
619,0.11601240954342742,0.1144625007865903,0.14111246985170148,0.09280711183683456
620,0.022770086803997277,0.011805625804862063,0.011579057742945452,0.026667361233900944
621,0.004761498917796749,0.0034069535708295654,0.005020622488651158,0.022785112412737816
622,0.04424840743107751,0.023861942597181815,0.021855385152038585,0.07622700904440873
623,0.05117860828020313,0.046275800902721265,0.04592250983852282,0.058499299083771765
624,0.054735153780452246,0.06681316933812097,0.08733736353141744,0.04842875242101287
625,0.09980271362563739,0.07962671197860736,0.08023415056650018,0.08521567898322627
626,0.04276363099950254,0.024803953397457223,0.02075683533073716,0.09135539645430173
627,0.05557496899178564,0.047484496068730064,0.0383945051113206,0.05074918708759475
628,0.22494963464193235,0.2293149468794069,0.15466800536692463,0.10887358117425877
629,0.27107287378204853,0.24595510175087298,0.18630559180197945,0.24688842523789392
630,0.05581204625318631,0.03482800662969664,0.028326535497293127,0.1121523053218142
631,0.03160508619407196,0.017135350829838393,0.01286757804779863,0.026758918247720934
632,0.06498672922813893,0.04428403082147374,0.04651198442975755,0.04877694226235506
633,0.0570626490802384,0.056258055248641255,0.047117038738632884,0.007930826633225122
634,0.016625041067981895,0.013641220475756131,0.014761260073442504,0.023867736114899715
635,0.05010018785483548,0.02961955516901696,0.02173813124553952,0.03999955890196091
636,0.017344267214158722,0.014676388406114738,0.01828743203944093,0.015054283240081378
637,0.12850772432428922,0.15036803386004316,0.12420351850410653,0.1205663013675492
638,0.12218746742202484,0.1314744095504887,0.1184964639593434,0.094429043713854
639,0.043680098917981726,0.039524239646461,0.03701797372086235,0.060702992024395046
640,0.05273182052059387,0.03526848430322492,0.029525801342665824,0.03670261234130392
641,0.05372473014904495,0.0475028781506325,0.051231443624641715,0.019292512813879954
642,0.1818387303557603,0.2266226409534866,0.23139679830334917,0.14827629094531064
643,0.3915785346136784,0.42137828082968,0.4322562668415253,0.5205585644100875
644,0.043124109364325855,0.03320461181986815,0.028274062486644304,0.04221867354554904
645,0.04314836965769336,0.029182671322645754,0.021041168953723835,0.019869352781493866
646,0.011277202352180486,0.004910744589311852,0.00541145538130077,0.020850571697013463
647,0.10672793703647664,0.16378854110761107,0.16531942192995044,0.05166234986550493
648,0.2399994689594361,0.28900999844547626,0.21272315997565241,0.17375404729155028
649,0.05706993034842386,0.059945729766001536,0.0709524851977042,0.03141603735111031
650,0.006658698740025484,0.003808975078335941,0.003927035727334048,0.006120886173923826
651,0.012223924850565782,0.008428051808113771,0.00946743057694898,0.037553884855106176
652,0.071764634870298,0.0945018019823127,0.1029465580885473,0.09758896459571577
653,0.3043766287676856,0.32665591893488055,0.3049969307136695,0.29455274745716453
654,0.25984545550848615,0.2552657573371163,0.21297902322687248,0.2904730230675541
655,0.02019405924733265,0.01173314775639734,0.01502231297708379,0.019947650869959945
656,0.04778894838342094,0.03255116582488778,0.04408047898333224,0.056711963567752544
657,0.13258611174474108,0.2101705235921738,0.20653675767568735,0.059523883364360076
658,0.017671255904231707,0.009436526041768763,0.009170560280421567,0.044216875868178705
659,0.033397188007125655,0.040288470903342546,0.04842996718922621,0.02818910335378578
660,0.027435499226375018,0.026285474968741757,0.030719519908806434,0.10912522700363336
661,0.061680703718636265,0.09650596589115464,0.09744576246394893,0.0645988856934613
662,0.08396379414361199,0.10826828079960808,0.10831330518624169,0.04972326699225124
663,0.04649283198259388,0.038175124272295954,0.03243118717144457,0.057185571947087774
664,0.18292167589467592,0.20465032550646592,0.21187206372410083,0.2501589392421279
665,0.15676295130475712,0.25303212637137973,0.24216392960891284,0.06137241827695601
666,0.058972474141839044,0.04681022057783589,0.039538725781539476,0.0297366048451515
667,0.012712920027849005,0.009783483001151403,0.01110205532208825,0.022301119982880736
668,0.10884546361980885,0.11819658068142026,0.13397645342741585,0.1183173509920882
669,0.14233545547587087,0.20754450829587345,0.2610194757329205,0.2259128084474624
670,0.04444432696352629,0.02522422054621463,0.01805948376570469,0.026318534401334116
671,0.007735998311677763,0.0032735361203178625,0.003169415262150154,0.010017786786775043
672,0.03229187914001227,0.018108761158252787,0.015989886141289607,0.020058389237169565
673,0.035690582192113095,0.02127499319158949,0.02181006431456219,0.08457697020804923
674,0.016988141520012878,0.01426806064964767,0.016739603310771702,0.04943436047965831
675,0.10498717991132261,0.0927773657126701,0.09832190820515559,0.21993503626882083
676,0.08580280827526655,0.08929309389449885,0.09243388075508857,0.03963477685660154
677,0.009897476467294969,0.00466746769307379,0.0044083511009517795,0.015350963558884741
678,0.11227604835427646,0.14071553013468674,0.16353750608210124,0.11127529529408754
679,0.02023291202898493,0.020492855950264236,0.02389445484261983,0.04006806112150085
680,0.052390869283394696,0.05815173012137415,0.05950765441144439,0.11058967886403981
681,0.028376188033629735,0.022704952562500012,0.021000017034494514,0.025651173812291508
682,0.059855878555270685,0.04648241609606931,0.0532394038999082,0.0561088403771008
683,0.11255508693216705,0.09139820722976372,0.08038494023961948,0.1635756232862996
684,0.028019921293651776,0.019378642687562293,0.030306241236496095,0.04547561620065435
685,0.12903588902470225,0.10891234770623177,0.07819433252726783,0.04291123414119986
686,0.14781626320192193,0.17219434033002395,0.18447627220427257,0.13748442293239366
687,0.04534353394325993,0.025578211492750025,0.02865565586695193,0.08460938801207082
688,0.046722484900023266,0.025890825093074346,0.024953627384772345,0.12562708873922218
689,0.02480922297809602,0.022008100199435044,0.026847805441142004,0.059229362798298144
690,0.07462018269732035,0.06844461637111726,0.05244881720051589,0.05212288688342162
691,0.06738142563358822,0.03029302267985011,0.023614268550346956,0.10302607235052869
692,0.08689162757256087,0.07471410648289258,0.06644812467378083,0.07512292786993995
693,0.014225749414351488,0.007173253015905445,0.0071006529572918324,0.035438472168882566
694,0.08581028983596277,0.10196675137388023,0.1260808298503226,0.1123661898191743
695,0.09511258024018925,0.07113352454772548,0.05380497633076915,0.034400240367424145
696,0.0655411238939115,0.11793284359369621,0.2326070929378732,0.32941532488458275
697,0.21918348253562805,0.32026295461057924,0.3011786853352692,0.12167505096058723
698,0.18212025192429385,0.19421377989599367,0.18711819583831785,0.11610460132680465
699,0.0230622044448471,0.01142085986182234,0.010588954734058551,0.07500246401725046
700,0.04492587501275508,0.055232258314330394,0.05860212494490931,0.07373650395672225
701,0.007097815949118788,0.002381191152283439,0.0027640570609104003,0.023246797250830897
702,0.005965099445113322,0.002876559744022522,0.0029937735560671523,0.008893739273026599
703,0.015663402709386348,0.007262336130873386,0.006729147229213201,0.046947322556661085
704,0.13593693891009134,0.1632030965646686,0.1433957937347594,0.2186148053719871
705,0.013324389923096836,0.014068400193164531,0.01759856148880949,0.021640191533457382
706,0.21882153521375058,0.34123725030233487,0.37851514033181455,0.21643197589049826
707,0.017131265353914203,0.010600667722305264,0.011630802070141616,0.012739064396136741
708,0.029905309581811743,0.017540390553158727,0.022465410965004536,0.01441667045993186
709,0.020532408616100485,0.011386643690836838,0.010819453669402746,0.04744681447532342
710,0.11599597767897696,0.09702624493400804,0.09868196993806531,0.12109568626254101
711,0.17244639682983798,0.16565704650657614,0.15571794698606325,0.14722104120539786
712,0.01932909083086372,0.00990792390906278,0.01146839256375902,0.08031773911341439
713,0.020809014736919235,0.01591842877595018,0.014546400574339336,0.016324806025624243
714,0.08749713179093219,0.0926468671820002,0.07489167924061024,0.05488954716101942
715,0.14527320946896602,0.20203829481468938,0.200881536384179,0.10367993973042186
716,0.04314836965769336,0.029182671322645754,0.021041168953723835,0.019869352781493866
717,0.05166940851156944,0.037794654148445336,0.030842490184432334,0.07769669872921317
718,0.05406622868485357,0.04503901996598762,0.06903362110715949,0.13280249561557259
719,0.054088102849091574,0.038354175505285776,0.03114907757369574,0.06667744976442551
720,0.05104285180467068,0.057645968736933145,0.05415523548521224,0.062041286641265944
721,0.029574857560229373,0.03385853903603471,0.045430264459557,0.0482025763478141
722,0.023036687802948545,0.017635521596080665,0.01742404073345329,0.03135598392770794
723,0.015729957835302955,0.008844076558626086,0.00867920499435437,0.010475568921625973
724,0.04681092643626763,0.0354121045005661,0.04094444556108266,0.04706733211623499
725,0.011375168392380909,0.008815286224446175,0.01257088531980016,0.022586708128696325
726,0.221711796850467,0.3596226537337409,0.354189686575226,0.1332615334595505
727,0.08654174276608324,0.06518766429083547,0.07284063104193567,0.1383791901842373
728,0.027097095386152643,0.012729422870751992,0.012034231789091594,0.04260616546699925
729,0.0995701332007333,0.10959199965094217,0.09095775905827516,0.08516971864749645
730,0.1299498855856579,0.13008276439958164,0.11519703722943747,0.1667792107985658
731,0.009938647684526333,0.004525330887989526,0.004450790797686206,0.01787680006847065
732,0.13136524435012362,0.14499553100611068,0.13520980171151598,0.14348591691028237
733,0.013956134356085122,0.005388234590263358,0.004799550803591709,0.04430469125715265
734,0.025705696757032714,0.027777899345415004,0.03232035509137766,0.060203606063686535
735,0.10517321370644338,0.17558371588435776,0.174189641198444,0.1168880998097957
736,0.008161832338930775,0.002980432428076682,0.0026286679933443437,0.008007159912269541
737,0.09171282984446856,0.06552817944151557,0.049704594664888115,0.140597695292593
738,0.030106132915490667,0.024264253493317494,0.021484540831875888,0.0194979387756555
739,0.019917509119860427,0.017338890174589294,0.019580184562169166,0.04732916690821981
740,0.01763056793135162,0.009750714499549359,0.011799188796902478,0.0499647129024816
741,0.1858925386600824,0.33073872411863076,0.33676262644717236,0.08979376209698355
742,0.04928716386284386,0.0276287017252976,0.027451728582484805,0.033413876947788676
743,0.029999814059845933,0.018512308795768415,0.017456739245115305,0.08489080776398518
744,0.08670376570644264,0.16021677261995163,0.3441656046012571,0.24160120046885467
745,0.022836596280100013,0.014070251575765937,0.015929041700170298,0.05643002957512437
746,0.05631950927253491,0.04030211938165146,0.032318523025301554,0.06415056878030538
747,0.08470193059961209,0.07847114255235849,0.06506022941175588,0.10393742275125299
748,0.11015956803285451,0.10855886886368239,0.11568243435174043,0.12887594908871158
749,0.08202434550569192,0.10095244091689186,0.10254625212364253,0.04362246142800962
750,0.015476261737214931,0.008694976247659187,0.011260741909104996,0.09345685017008523
751,0.04849846298001546,0.03932769593770093,0.03650847107366836,0.10600128502299999
752,0.06451104931615564,0.06815000832594387,0.055477084000241136,0.009277858874263807
753,0.006901584968943175,0.0033597372018642894,0.0037332830961857868,0.01651726536826649
754,0.06931376293887828,0.09147751511651445,0.13288875541250958,0.040610502210932015
755,0.09655499193645516,0.11124598363650906,0.0984538415409782,0.1661211390308504
756,0.08498147662221092,0.1258182836187865,0.12761404609109386,0.17976777415121126
757,0.012835832898863258,0.009131893512606098,0.011519713121377187,0.019886246728900433
758,0.028941576098159977,0.019847201166535624,0.0167072628578042,0.019048837601163368
759,0.07680645990075997,0.06076539754026405,0.05364829038174948,0.04558847493252513
760,0.11656668279237264,0.10727954512944977,0.09020212951352198,0.07326863575374265
761,0.019855675718539027,0.009464938331178938,0.008974870847471457,0.07003459457095333
762,0.04633846869954492,0.027980327650317906,0.02058566119421221,0.043458230023998234
763,0.07988270881412478,0.07731554601251936,0.059244651515254786,0.012784050694064714
764,0.09764023188705771,0.08771914524420377,0.08590244246186556,0.2125874956227522
765,0.03580440508866044,0.022608092450901826,0.018697291886236745,0.03844195760489941
766,0.08862153436410919,0.08545473736300535,0.08472644418062336,0.10092982488694256
767,0.01237495958436267,0.005927307517127902,0.005542267531839278,0.01705447605115687
768,0.04473583206458986,0.056163622620017964,0.11435124928900714,0.06303630975835886
769,0.01607497849896503,0.011343379737416137,0.012252972510267583,0.035650452032809185
770,0.018659948421523624,0.010463153066746335,0.00964730388855613,0.03803338677932851
771,0.02009254797333101,0.018739115786404963,0.02423807773112806,0.0344729528466215
772,0.09469230425398457,0.08477607839417335,0.10072213918210346,0.17815839318539983
773,0.07425787127612554,0.06296853525644625,0.06817290645942117,0.05876200754061286
774,0.06458266978734825,0.07896466762399318,0.13855627679823243,0.07073548732026565
775,0.09095504638389998,0.08384342207426036,0.0800627283404997,0.1744935434102038
776,0.0176300848130402,0.006054058438123034,0.005764099866832963,0.027182693093722836
777,0.021677647755226463,0.012622726131986022,0.011380932562151879,0.04083093218607987
778,0.03426181899392908,0.019293150570473847,0.02009047262711132,0.07187984088810202
779,0.044227478015604456,0.044801032142206855,0.06190831955846582,0.07557030229151358
780,0.043680098917981726,0.039524239646461,0.03701797372086235,0.060702992024395046
781,0.061996037570545254,0.04329891629359506,0.04571772648359622,0.05358819120657218
782,0.11916872085636034,0.07880922291292337,0.0523939661121353,0.11454064810356795
783,0.011982185440749499,0.006218264747216581,0.009353864192988006,0.03114129000659472
784,0.008135144283281534,0.0028013723234214987,0.003074677214451059,0.018312329722005354
785,0.11191298649855957,0.08985961683988962,0.07552875709108488,0.11214658972699469
786,0.05828764442684282,0.06792876278007016,0.06607278560255485,0.01898735760232157
787,0.026134490610244823,0.01834949718268221,0.02748791842191102,0.0337157122432864
788,0.12664167246940497,0.11607870900954893,0.08149910797648202,0.09019062629077727
789,0.07050064091330839,0.05669980042781305,0.0488901489050225,0.03999725860688834
790,0.06003307441373463,0.05274582025353801,0.05679318337628837,0.02040946652540147
791,0.17009441936530914,0.2121976769798181,0.17815690899141998,0.20374949509239304
792,0.21390942299588192,0.23013787016135437,0.28971501600424365,0.1931966106557334
793,0.09918478015968965,0.09385280467584015,0.06992296786361953,0.05333614108018972
794,0.06571942883107651,0.03398350245010038,0.027745828076374903,0.09138440655261847
795,0.007247349201130751,0.0036033206457545368,0.004147542379242069,0.02434239180675383
796,0.03382826096086145,0.018190688110374286,0.014743430953870372,0.047248749063700544
797,0.06383680949108615,0.07614764932668709,0.07046267114935645,0.0797085199173332
798,0.07543562351874664,0.060127766547008334,0.0563630975230159,0.0742049157984136
799,0.03744353346530647,0.021860677800532212,0.026304434671198768,0.16134407940818113
800,0.17935253080785382,0.2875971859677801,0.2384950715420891,0.0874900743675227
801,0.008772974910727205,0.003403647970480115,0.003822689954564382,0.012421658130466697
802,0.07263998630299486,0.12231622185096858,0.15777896504928038,0.17238430309775174
803,0.11973395453925526,0.1054927751764494,0.10826793600471192,0.1649886842738332
804,0.23649020103879073,0.37254706877137383,0.4399914777839884,0.48234543145472314
805,0.06100095409938468,0.044922535129475985,0.050773201420449186,0.1118992251996086
806,0.03930901538532708,0.01812217833694454,0.015504634742690261,0.011995667656813985
807,0.01266471908618802,0.012470360723942333,0.015825214872161292,0.009585650491346888
808,0.037952167026486114,0.03351511148126692,0.033632089628942825,0.08502996465266824
809,0.02305579185410486,0.031287472896156236,0.05420512869276096,0.0433864868888839
810,0.027045704843231128,0.022718820163920947,0.023612021669184986,0.014150988348163343
811,0.02049706742929395,0.01031224472718053,0.010315670266147806,0.025381026589900303
812,0.026503432814368143,0.02897386204835951,0.04738237677696116,0.018776463881754062
813,0.07430466704176396,0.050104703138445755,0.03912078069367903,0.12773154361573852
814,0.040285600335320824,0.023931224038271227,0.020448999153751944,0.022356814700018417
815,0.04650115247339618,0.05780753075395962,0.05077826597796637,0.01800089490483362
816,0.036200179133878595,0.027087106989430763,0.04549957219387923,0.14086145971081102
817,0.2845823576568377,0.2600783552979339,0.18688058027351925,0.17080421171203092
818,0.022620112866885245,0.01506884982573462,0.015354002797614822,0.06299733935386277
819,0.06395799385361452,0.05450608634462939,0.044186064580202744,0.05423049939557831
820,0.21914108037716332,0.2800043125816795,0.31759263507958685,0.12900779199982765
821,0.05700252127059113,0.04390299153984156,0.05171378371032426,0.06526783408629067
822,0.024440600832994118,0.022478912383075287,0.043678944521111186,0.08888197804193694
823,0.02222186932903204,0.015212485219676128,0.015133758694721845,0.01098555992025701
824,0.030616126560982934,0.01498099299701444,0.014503686641206118,0.0641956851302533
825,0.014622617455722126,0.00680460636431035,0.007261730760550863,0.025082330434390496
826,0.002998311904999524,0.0007751333598392097,0.0008124371465218152,0.0020839876807952186
827,0.07020875748645375,0.06393812061107194,0.08568253087836063,0.0862898233556208
828,0.09133987286550058,0.07794928804934997,0.0774370762962218,0.16561985548669209
829,0.040894778247308354,0.029949730274439243,0.028395831178908017,0.042568060841894385
830,0.014138759419062829,0.005869560886597733,0.006375086629778402,0.009328042809732725
831,0.040285600335320824,0.023931224038271227,0.020448999153751944,0.022356814700018417
832,0.1583314408845856,0.1538216515396724,0.2121429536277452,0.17096314146853803
833,0.2048541112908349,0.18405225599618522,0.17807885198828557,0.3800609679435406
834,0.07686448183941787,0.05281435111493424,0.04517510604754169,0.05582134546120147
835,0.023230713463338507,0.019847289484533917,0.027878635441855832,0.02746682793142
836,0.06725186728760262,0.05464451422791464,0.06588938373137262,0.10797515128296259
837,0.09359844552880614,0.06697624851024504,0.052245435361930895,0.035120229450534335
838,0.011420042642001553,0.00635070646846397,0.006826831775857334,0.030200569102532385
839,0.06431462124687809,0.04842182853904527,0.04109478047264654,0.1267554233099717
840,0.021196806284254053,0.024003742304049218,0.03037424022218736,0.024059519229971203
841,0.10866166550153061,0.09945426750768473,0.08950315022371519,0.11735528420981911
842,0.03914535303106938,0.023601073481685515,0.02248723060153531,0.0540439868062586
843,0.02418605647318365,0.01090086238413358,0.00990832501627777,0.02497517711951656
844,0.04529439484094001,0.03062157758192839,0.02533809008561749,0.057809543127058514
845,0.0963628739819762,0.09136627413877087,0.11754192951549944,0.09472769651514912
846,0.058299853475841996,0.03138832280372899,0.02291160695449554,0.07916421651575631
847,0.012590821139592095,0.005605567767254447,0.005926711502669147,0.01776751071825516
848,0.05359858580504705,0.044842722356498894,0.044387258517947524,0.04065762287332306
849,0.10632505151043072,0.14837493190682555,0.17401490826248459,0.0670492885473902
850,0.03183235384604848,0.016531170878811768,0.01715684107647228,0.027051279892547072
851,0.03369026929135549,0.020837176294349665,0.02905872301346801,0.03785708961856794
852,0.06115964474053002,0.08210074682505651,0.12325184409384837,0.051428115674404244
853,0.012625670269686591,0.0051700974962961615,0.004395149700673809,0.012636141323624473
854,0.028407663030356814,0.032049183836914484,0.04226444513162931,0.03842067680833656
855,0.04855596306532857,0.02258318517840472,0.030361136341784938,0.047688951248262945
856,0.06543631210453456,0.0475069234602919,0.05430002883496321,0.12209621727316286
857,0.030763855814924787,0.019063409614698584,0.01772184749376017,0.07884416136763707
858,0.015240557252938342,0.008146759306292621,0.010258409231199203,0.010354885308406465
859,0.11530669267480415,0.09346804503159366,0.07876360297400758,0.12018089863308537
860,0.04551364999237172,0.05510512416452851,0.07316648113837994,0.044260778386074305
861,0.10786198486109362,0.08386128146284898,0.0793925048027486,0.04968353797824613
862,0.18902043943694874,0.19827078656690877,0.20041890959038425,0.16274942936496414
863,0.0622438223448885,0.03581201499214256,0.02649127268408256,0.11764227163185996
864,0.029472349496176307,0.01916941001942868,0.025074975040458896,0.04768602131355253
865,0.052321272322394544,0.04034444063024749,0.04495561169784255,0.21009141625194758
866,0.023247571835224703,0.010881144335024665,0.01010539092901552,0.034191190567951404
867,0.030797288127996345,0.03154958216234894,0.029840951045892298,0.005858972452030792
868,0.011913346727269545,0.006684546555583799,0.0070898171019940295,0.029013083560858764
869,0.07626913520713843,0.0865756195676419,0.08055307716851928,0.04201770937876858
870,0.05696905031480368,0.03693650012029464,0.028484359806044204,0.09076623803262827
871,0.008016032551936773,0.002931949118411856,0.0026676459277094355,0.010149380123158944
872,0.030796391353189675,0.019254711675760424,0.015148064281859835,0.02350935917607003
873,0.030739474615441513,0.02205164467624321,0.02115992481368794,0.06467998684128386
874,0.14379955718734108,0.08945492649895746,0.08391468558282221,0.08856906396550276
875,0.0156206818908331,0.008193312869737538,0.009085354232785465,0.019176896750201337
876,0.03878627630338344,0.02034731711301167,0.019684902430568845,0.0952530256305445
877,0.043803778589709186,0.02951001100105698,0.02514217292151732,0.06972274921854416
878,0.0233606030764238,0.013862048621104945,0.012359872556975952,0.04230259466647871
879,0.008218491483189433,0.005651033103277422,0.00665798642546836,0.014182435742458806
880,0.037182555939212276,0.047214010524371394,0.061882154195559216,0.07616938123346645
881,0.023486774658422492,0.013723187062832144,0.011679759805409263,0.005051827933673286
882,0.09233532113201236,0.08691156314207148,0.06936915075448497,0.08654926855566815
883,0.0243355398430114,0.02214617480983303,0.023758600319441867,0.0435544691022668
884,0.08110140745512362,0.06974254073094643,0.08479117692291074,0.16220623036774456
885,0.09741981773334626,0.096400438116113,0.13187422179100672,0.19910565561967064
886,0.07556431560193458,0.05089342816553767,0.03856977125407521,0.10336292508529453
887,0.026417585677925834,0.01537263400256141,0.013065497784518494,0.028583066886464732
888,0.10632240100550165,0.09728678212196577,0.09280085782772514,0.03677892112287128
889,0.09515568101180706,0.07928925471846136,0.06330964337626795,0.14349327935323808
890,0.20511611013150105,0.20670349829392592,0.23100967487397434,0.19773310749231204
891,0.11844432888949735,0.1052304334776195,0.0844322701521858,0.20452940744972758
892,0.012806768073295734,0.01323367527612647,0.015747423208528264,0.0130382251289507
893,0.014600718964823787,0.01330927938985337,0.011700740846168468,0.002322822754428178
894,0.008810670561964697,0.002953880084554605,0.003076203274083869,0.060647062642486815
895,0.055687335098098985,0.04098924100314179,0.031099003496685814,0.047703318689020315
896,0.09382687686015438,0.0773480112465681,0.05983210193188879,0.1086995533143803
897,0.034519865187234,0.03562210809766245,0.035808714283587444,0.05624511159224519
898,0.026718953241728353,0.012202652737312782,0.009969494209946153,0.0654747295010466
899,0.04875782976232713,0.06217387191415878,0.07441709958093787,0.045570559105352244
900,0.01094030325312471,0.005509084218738825,0.00811192274257125,0.02205210996945064
901,0.0182073253878957,0.01771146371865342,0.01957308230079527,0.020871737603628624
902,0.033126258769869674,0.03709054498132189,0.050888740658297446,0.031735700932838506
903,0.05588894396887572,0.03792000358365424,0.04041023916073236,0.048036085904219955
904,0.055131777761309786,0.03638921718456637,0.03364275824579764,0.0735950859504664
905,0.07759489171015889,0.05663386961814218,0.05364180727981098,0.03116210365219181
906,0.06753769909285158,0.037137957342240784,0.02416567806587033,0.038604879892871494
907,0.004516534978867109,0.0019110056763030718,0.001907939438211506,0.003076959062299505
908,0.023384638892051172,0.015565627483767963,0.02109033256556958,0.011378150171161103
909,0.025083343383753325,0.014568107205940553,0.01315340945802254,0.0436631638265995
910,0.03360283863727517,0.02483715333765509,0.024350483375635976,0.0897269858874115
911,0.02513643600951476,0.020598673390269412,0.02097778825270689,0.010363559828640515
912,0.010122217637608098,0.0034387863804928374,0.0031754495399085197,0.02818130855991909
913,0.025824993784179313,0.014773809404588334,0.011950847776550621,0.017947020044472375
914,0.013366516026006626,0.0063674184978027015,0.006921891381796309,0.030648929498225043
915,0.0421005152777571,0.044382001146196275,0.04693953944462863,0.10014956523509023
916,0.03543962931543305,0.026392284096103943,0.03554072701724586,0.12811465806212957
917,0.0815106229625367,0.05019939011195138,0.03454733697218738,0.10113349462504846
918,0.05538775966361069,0.04551113876959152,0.03764559841606537,0.0505632750415676
919,0.06025425811415041,0.05161399850207584,0.04641968789237761,0.11697211640260165
920,0.025103418411822884,0.01618606710746636,0.02048775432511238,0.03286917601175758
921,0.01222954343726973,0.010805653132574615,0.021790135699908238,0.021628357110652644
922,0.17309784781059717,0.16828424619719642,0.12534529588197996,0.1893747232950982
923,0.037286833532836836,0.030094498694468022,0.03434521318147403,0.016090940961654296
924,0.04792152033131079,0.028604900635963167,0.02337731565516828,0.09099133782038085
925,0.08994207666358368,0.11112693835584535,0.09862035233448782,0.08134435116991648
926,0.25157062711392536,0.42056206192303763,0.4692738989428175,0.20561562806814085
927,0.00883981822545002,0.005203954985711144,0.005245590924863308,0.006792372170960578
928,0.030515017296779127,0.01719773973010794,0.021178885750880415,0.04828828816008347
929,0.07703313439945625,0.08021390644386894,0.07022747713482123,0.08915731850444669
930,0.011611241711184989,0.007101212991837841,0.010270907398228925,0.08983299982044758
931,0.022608998641552042,0.013081515414016441,0.013330987312943425,0.09904031184510109
932,0.09657089282208446,0.09456923340535632,0.09021217674349738,0.08399765900856038
933,0.012842205916283314,0.01052560353078973,0.013271559750996488,0.012257302709971971
934,0.02464102733923186,0.011698317526656728,0.010731904124160762,0.03411872130361726
935,0.16467672522810153,0.15173805720897524,0.1491096080860417,0.16805509082518005
936,0.02336231079576711,0.017417460542292602,0.01492581910752225,0.00934404774286633
937,0.014519957752001808,0.009473840272256468,0.01068302529524308,0.018646648201014842
938,0.032602278927664506,0.038114094795776064,0.03877078001647617,0.03524295650677053
939,0.019058627684053753,0.011946140598598637,0.011478892349860804,0.028522063790785483
940,0.02778812013485752,0.01991328945853944,0.01767639019872958,0.03423887543476264
941,0.005284031883702279,0.002511612788011195,0.0028578229476905106,0.015484314564516027
942,0.029041516958232705,0.023733179418493705,0.0324731230952982,0.06020711479168948
943,0.05909159542357588,0.08327887954758022,0.10408430704304542,0.11799679648387187
944,0.03726790363299136,0.029137416654382423,0.02637253073084929,0.06691827836934733
945,0.07405624022492202,0.06225361775619173,0.06181098158506911,0.14326576533729624
946,0.08120892792385542,0.07453267558460235,0.08909491305950587,0.20284603076547295
947,0.010578661985312795,0.0054595693609349166,0.0060393410187135265,0.014553245438931736
948,0.1796973742888965,0.1741189231633091,0.12135588810208672,0.11383288963754157
949,0.12360818192209962,0.19858405099471482,0.22436033614233936,0.22133722480493986
950,0.04881010197765343,0.03794706361738034,0.08471530757108062,0.20248556359572942
951,0.07933392618901561,0.06276274685209575,0.08416541848918571,0.1373756187221984
952,0.056380319361459603,0.07173810935054864,0.11441094613054437,0.05888400545020985
953,0.16013814940868923,0.18179522353898686,0.2952751870215822,0.5321930789853708
954,0.23082897852597212,0.4021801096446716,0.3528852246677004,0.10943506806553976
955,0.3071313718761344,0.5659161307807915,0.6325342930602661,0.4432097808645569
956,0.22388812450139303,0.3128130558116042,0.3238160451894588,0.15309403802221438
957,0.08933861796798062,0.14691362353933277,0.25275249872591926,0.060615425251278235
958,0.17664680825174675,0.22305011143613632,0.2000389724345954,0.08396655453021072
959,0.04597085069207455,0.04021653451442123,0.049352378225810345,0.048245357838089135
960,0.07015389863339484,0.07755881451940408,0.08994956235218181,0.03923858395287732
961,0.01152256698886775,0.008408203329393063,0.011144279501110924,0.03070207924820788
962,0.02983066326204692,0.025525258598026936,0.024640658494842503,0.04930660778434557
963,0.03442975355769487,0.025063715159086845,0.037766719865580695,0.04869095129550289
964,0.11784846449527848,0.09985289515998752,0.08716305145866603,0.03874027749724379
965,0.09372184910295366,0.06006262905590492,0.04057221153252762,0.10805103969609456
966,0.39411789374042017,0.5011442017766423,0.447742748482624,0.3573329562378045
967,0.16974121307545717,0.23009112178065705,0.25948484806188693,0.19069240552708508
968,0.1688858305754941,0.17690751159791923,0.21235960905146473,0.1390987700224598
969,0.013987080668278957,0.012394295972376073,0.01734393588182145,0.001363680474731875
970,0.3734958751849118,0.5495307389607644,0.5189188938130552,0.28275322306321826
971,0.26526057610727866,0.31393573846234635,0.22754016075157282,0.14103142557085202
972,0.08276845073572806,0.10817399648787285,0.14384839218094858,0.11067689907240386
973,0.13604920461346692,0.15580667638799375,0.17322994771860584,0.15450065257612575
974,0.0389670687977838,0.052082569180316715,0.051528861463315034,0.019239813937853043
975,0.1201604789841794,0.20901230643268257,0.19211726844097163,0.0845850369156272
976,0.09121908913805804,0.07359563128105406,0.05340746504736026,0.06070327758836962
977,0.07729249698431948,0.06294967182416171,0.10454587460941143,0.1640305123790252
978,0.16675228646160634,0.2877601936610235,0.31933309564675894,0.08750447717353146
979,0.19997734504351358,0.2247692067538269,0.2582457044706334,0.16415675394714843
980,0.13943473066595494,0.15112901214754323,0.12237444488106386,0.04244150656135233
981,0.24174194256854728,0.21852146613194814,0.20628945239951157,0.346292321922537
982,0.06264439738239608,0.07313912392532156,0.07994662289978842,0.05127884958835891
983,0.09854180599637234,0.0884419253087722,0.10077505215185265,0.13603836583693293
984,0.28445224278823705,0.36218662159574755,0.4633413707090574,0.45084680611681466
985,0.36118305315830546,0.4010141628306331,0.32445655849181143,0.41150049235987884
986,0.11318458868334275,0.11337093858554541,0.09355831572617858,0.15591721136706077
987,0.12227850465954171,0.2140493057333686,0.30286977071944676,0.1274744125172782
988,0.040216228304914996,0.03336755791757012,0.03723544222027436,0.08505695924612934
989,0.060408281404038436,0.06847678901825807,0.10731884787998851,0.09051530502919898
990,0.06234701949666543,0.08334583171855435,0.08870534855682152,0.1338354096699773
991,0.1647490263625434,0.16291460174408717,0.18683243400155813,0.1875282602686017
992,0.05003599203986125,0.0364795087956761,0.069775389154576,0.22433634403712588
993,0.18144548576870756,0.31341901906767,0.33758827436490935,0.346522004101986
994,0.185436712508577,0.17661745830100464,0.17261454851745528,0.1968709061086094
995,0.30996265512154964,0.36523548984651194,0.33603691931238117,0.5764342982571878
996,0.23575108927634347,0.3605346634853296,0.3627459486348618,0.3461447098490449
997,0.2064731523159345,0.16024426365031108,0.15915162545959857,0.14872549782176803
998,0.2052949755411228,0.18427780544329755,0.17986238667550178,0.3953632045824826
999,0.09339474391289267,0.14593274749253635,0.18157956480417678,0.06323038388577865
1000,0.047910573757501594,0.05107881551744272,0.08097702781941439,0.06089872618916215
1001,0.3782871736033728,0.5658557632826671,0.5296925059869577,0.29155603465567775
1002,0.2503624800956969,0.4299035070312267,0.4347260092141872,0.07161345053998129
1003,0.021127828712886387,0.016345254450155212,0.015435073417607206,0.022289671286087484
1004,0.06923081943733671,0.04795081012484428,0.04171030325383656,0.011816187354443187
1005,0.07396896681412725,0.06146202956701522,0.07224069591133085,0.103853069232548
1006,0.11498081009268123,0.08995175493887113,0.10541671322451114,0.5429221296197018
1007,0.03176596645820515,0.018184399542132215,0.022802895277766903,0.06042461055644666
1008,0.09382687686015438,0.0773480112465681,0.05983210193188879,0.1086995533143803
1009,0.11387442198742502,0.14359368929193406,0.14469760747264485,0.033158646081369356
1010,0.04393931704914335,0.07008906408177439,0.09962159047700553,0.17578273502391548
1011,0.22259715420680043,0.36514293969766687,0.3785720804802684,0.23923003932725478
1012,0.021490674823291867,0.012653362937339515,0.01256298190137789,0.016516373612306644
1013,0.0925017175418128,0.10162096454728471,0.12371122151812182,0.04145432387199656
1014,0.08547136213943618,0.09203744648026844,0.08710705743459346,0.03939151963404356
1015,0.19239721404385832,0.1826776012826031,0.1674086381686166,0.11877697992911249
1016,0.23004696586690052,0.30571382157613103,0.36233013928139,0.2835333562630232
1017,0.2005971691577354,0.1452790377745701,0.12480624023856991,0.15754049345667062
1018,0.21202736235573777,0.3477339614935427,0.4453019387669423,0.3345693503080848
1019,0.18025563571219544,0.22919528436845515,0.20862577080222233,0.10049527741880392
