,0_bootstrap_probs,1_bootstrap_probs,2_bootstrap_probs
0,0.010107590853254782,0.0014401271449346236,0.009346907098453748
1,0.07984530385192727,0.048012586254494054,0.08934013369163607
2,0.02421094928847187,0.003768636893006899,0.025732925499508903
3,0.18986761866030852,0.0998825870787296,0.20363984940873614
4,0.02773854950814805,0.009830983525681635,0.02753976683266994
5,0.15420211530033975,0.04273642709449847,0.16027731551371416
6,0.1252283890346351,0.055685322763997964,0.11951896181820224
7,0.03365367522469656,0.009522679461748363,0.03246569357484371
8,0.16442459389516695,0.1378628390000106,0.1713523793968893
9,0.05587708051958663,0.005700378878185283,0.05448691036374759
10,0.046451545408246614,0.027800110561395953,0.046756530802007035
11,0.032855524555240885,0.0046473462702753135,0.032051116892754354
12,0.06640029708874709,0.011501248630003402,0.06016242200734594
13,0.0865696475500523,0.0244898472350709,0.08255760342835643
14,0.12667876031024763,0.06518345986561742,0.12078521985205175
15,0.04144390940867137,0.120190308537764,0.02720753282496526
16,0.015668629409415463,0.0112926098683007,0.01431186712102265
17,0.018349051195555084,0.0021044682746889933,0.020334200512366982
18,0.01796379351872313,0.005840372829713646,0.01727701012676603
19,0.03220577805573248,0.007409062452783942,0.03203692842206203
20,0.025920968571567567,0.003589889009977072,0.024992423986895104
21,0.01456051598244554,0.00203496996808107,0.012540802595980213
22,0.28524267272920434,0.4416499897621421,0.3031831598565784
23,0.06312454537214285,0.008553671389227678,0.06207765928884785
24,0.030287683029551548,0.003068995796784204,0.03103951124581442
25,0.03833666328492926,0.004959211488491056,0.04111174878325306
26,0.02163094857514801,0.010971998886281583,0.023955122200685477
27,0.16521899047088537,0.07753685241877209,0.16860929540619304
28,0.022945866266472263,0.0037478789941285838,0.026942170391790313
29,0.013339847450210877,0.0008184606465901066,0.01285269068219306
30,0.024950107571718127,0.005843901593451918,0.0256746689194345
31,0.006151868116942336,0.0004332594668401939,0.005290227576402044
32,0.05110539037069237,0.006443033243059968,0.05362892353667382
33,0.11633081754688068,0.029889561442395414,0.12195698720398386
34,0.03627888765385817,0.028444495927504573,0.0432969132662856
35,0.05137078106828598,0.052562394423190086,0.04264489990838519
36,0.1597413934360849,0.06607972792321264,0.14147360980796894
37,0.04759807374471911,0.00418202094884163,0.051979926219675544
38,0.02880797553515855,0.007319940562864518,0.02955695405518911
39,0.01776476822722184,0.0020741647244071214,0.01987263698737108
40,0.03450959855145185,0.026078947027893633,0.029826033219686927
41,0.13047737101596124,0.17903925367581924,0.15517723999369665
42,0.02454897303894468,0.0027012799883525066,0.021425937554685377
43,0.06014769493021561,0.008710660349531812,0.0677438896631726
44,0.031573420688972446,0.005139495879291922,0.031720032050784074
45,0.04498747908766343,0.05399166087999424,0.05167559725253245
46,0.14372587733361836,0.04498955185077107,0.1356531394282439
47,0.050323724200422915,0.014863480098833303,0.04153456869528563
48,0.01809802859400707,0.0013060883563818715,0.017520103418508237
49,0.06450149245267868,0.00917536719840415,0.06790424566287678
50,0.033242022959967955,0.009165356932613389,0.034005793402632316
51,0.033276016381136704,0.005502565650296779,0.03151535595692194
52,0.019785896224986946,0.0020167620963167897,0.022360665648186867
53,0.18973213378187792,0.0746992941574289,0.19132960835271104
54,0.08051270737226045,0.04856741308448697,0.08021154304939668
55,0.06328832793651247,0.0400113633283845,0.06053464635001169
56,0.020252511554363018,0.0038274078130844857,0.019244536609727067
57,0.016123380207990912,0.0017323565241400395,0.015274966108706281
58,0.0809448202861014,0.047723867566358505,0.07069223509477991
59,0.029393422260166193,0.008629378208302589,0.02959743724990288
60,0.03421372076881396,0.013497769513813112,0.027108332050257266
61,0.03026832971983611,0.0032610808361239955,0.033211105564272494
62,0.041968872989235975,0.0043868342535834,0.041778319051955615
63,0.009278384489791142,0.0005482897164983591,0.009009885014007133
64,0.03958007393396885,0.007264303128066196,0.03975842214692043
65,0.08348203105793138,0.018354266888603376,0.09463979931665313
66,0.0422856892857319,0.011516884719621081,0.041658818637562794
67,0.04393652064493229,0.009431107363778448,0.04649995656889404
68,0.0344675723411595,0.005658378336862847,0.03006929531581117
69,0.10791373500211726,0.0398298806328423,0.11007140513795174
70,0.018765289724790423,0.0015751078665357263,0.016622845452730944
71,0.03997122760952958,0.03935286466441121,0.050075966891350236
72,0.05791651023171377,0.0704302918961299,0.04889429877242866
73,0.07186500135075867,0.04251343282795755,0.07096525800528157
74,0.021351653014025862,0.0015165432382842831,0.019029162850434416
75,0.037227185025005126,0.008701314882258605,0.03790960267979322
76,0.04027020885788109,0.0032952038200048128,0.03985697043083369
77,0.009988270500177416,0.0024826487142813637,0.008360579422684668
78,0.1528696784862715,0.12184901437002646,0.15550314010226474
79,0.05970601955589602,0.026232217004205107,0.06497756244012867
80,0.10190553933446325,0.031822524832139286,0.11148513141910488
81,0.024832689084127987,0.001937385565940271,0.02706738156451534
82,0.01428479084211433,0.0027278962592286846,0.015654860218454275
83,0.1345360593811058,0.17002135638795837,0.15055137724967624
84,0.022311883606169657,0.0015990715557411446,0.022591468519105394
85,0.01589850018833784,0.007168110627778699,0.017412257745983283
86,0.026645679610971067,0.00919889704314303,0.028940667646433337
87,0.043713091721382644,0.06183048684693862,0.03852380831959075
88,0.039437871561538364,0.004756118471345179,0.04402536966204169
89,0.015066873005924372,0.0037124258156640134,0.013841958552056825
90,0.08661304464772265,0.05314717482884427,0.07559914255504518
91,0.017014121377788797,0.0011801657186174743,0.015044325865886415
92,0.061704407335516714,0.016808908050896725,0.0665366152315843
93,0.04121719279478448,0.007261434384249244,0.03633666684920422
94,0.053951083629120475,0.01730500829115743,0.05949652405676974
95,0.018988942665899997,0.005502256833814537,0.022509842505925012
96,0.13596938207214845,0.14849063770781257,0.14603063728472968
97,0.014637774671242021,0.001666368213165764,0.013582629118972454
98,0.06823386837415303,0.03239676257008183,0.05485193241785429
99,0.060781517549882015,0.030324850088176036,0.057802744312970535
100,0.01673379757316727,0.0028840551860920298,0.013540313318045385
101,0.12613859833391414,0.11002243747623226,0.1311374617494537
102,0.23972575751110825,0.4434166266461868,0.2956365808124501
103,0.06470455122313656,0.027121719465774515,0.06732329811272961
104,0.11518633191239742,0.17549449819786886,0.11299532883100515
105,0.02568229341657145,0.004446675817871646,0.02906730093215264
106,0.054236802703521825,0.02067051360871225,0.062413733798274806
107,0.07456022123697104,0.013151617948380873,0.0746944187195436
108,0.06898373064990915,0.0129387286382226,0.06458017528472752
109,0.08085133941205025,0.012719635047251618,0.0843249668549987
110,0.08046675693272375,0.01222319463997323,0.08725583695848436
111,0.15969427667626,0.16925276278196044,0.1507862145319918
112,0.01660902267237021,0.0028291739677304933,0.01786180304652262
113,0.010575939913488628,0.0006142335444031362,0.010926163972228124
114,0.030053872622472447,0.0026761794679474146,0.03233378739835413
115,0.008509999253167819,0.0028584589697355947,0.007674386730485827
116,0.15797678387585595,0.05433693254140366,0.15994949971353511
117,0.01572807733252967,0.0013405958640698207,0.016595089386626686
118,0.13909220378272788,0.2649323660030393,0.1457352302779279
119,0.05928823315444531,0.04939449916732873,0.05530046527140326
120,0.053638029440867395,0.0289094723335245,0.048326139704278806
121,0.051051866782971626,0.005887744040293379,0.054279112236508366
122,0.015409945567405077,0.00501091428419875,0.014819784854421916
123,0.02448056621761362,0.012896474094811781,0.0244751374910912
124,0.052599049607569795,0.008499790040885948,0.05528078159117958
125,0.009367175650660194,0.00033633321533064727,0.01040187339879413
126,0.030195214435117593,0.008060357986058973,0.030678643949232347
127,0.046366521104808205,0.0064170306992710965,0.050370049915020164
128,0.017714227472798907,0.024519707610561162,0.01547327552794214
129,0.11805262983723487,0.03711105352946137,0.09798560476733269
130,0.05034852633332588,0.007312534650617799,0.05026797998685064
131,0.1532448790522926,0.03463314835692453,0.1531061227141536
132,0.14609448260444036,0.03992078092089836,0.157596068379519
133,0.046470843880824,0.006017914279598157,0.05180460025366135
134,0.14405832546105007,0.1298404646134344,0.15450675908014389
135,0.031109141203579327,0.0037930972951956293,0.030207185051192596
136,0.10294162579380876,0.04737034076119351,0.09023542152357923
137,0.04668358471258406,0.009916503349793633,0.046210799414854585
138,0.054525329449021,0.020446415465241608,0.05661481011897271
139,0.07052099549401858,0.02312471298750938,0.07652042280682714
140,0.019297228310360095,0.025498601385418578,0.015366039800918252
141,0.02158345957258435,0.0049555266806216285,0.023865183055847207
142,0.01229624142831672,0.000677066134591978,0.013365617303163038
143,0.020908129302712554,0.005912963624255346,0.021166099077710894
144,0.03094901509119382,0.008358796902700806,0.032532853914449794
145,0.02647541227326176,0.004392841191455432,0.028755944452353487
146,0.044799967240998224,0.017771719204487724,0.035205310814384036
147,0.016491960493272607,0.0010085506970272781,0.016725638485293154
148,0.1467198042244961,0.05281183107062313,0.1489222274683277
149,0.018540632213962682,0.0032782614363507465,0.01842944351037888
150,0.0247029125991758,0.0023421458239927372,0.02735003713265198
151,0.04810337554669206,0.04171287530036821,0.04210861324678938
152,0.031422027797930116,0.02157506709660429,0.027681952554035022
153,0.057442319668144254,0.0362950518788974,0.05907184808373657
154,0.002154487854560365,4.130777484690442e-05,0.002237980920586996
155,0.014070640502191952,0.001951697408300622,0.015880031266305248
156,0.021384288009529014,0.0035107455946267797,0.019929008972815687
157,0.2046978188907119,0.0946763808868269,0.19874140065182724
158,0.02340987725625025,0.016349225518317058,0.025653342837768902
159,0.08075848261803645,0.01497277864115415,0.07454692725055626
160,0.03635510208125513,0.0035131428384361073,0.033023032637479494
161,0.018144565657050818,0.0017931371659620319,0.018583891721385297
162,0.023277283705135345,0.0031179339372949828,0.024415621256710724
163,0.016160772237807753,0.0016078869406451484,0.01720814872427444
164,0.064815969089282,0.07317147261561516,0.057546537194789235
165,0.3199225316332854,0.3900845365379686,0.3807021865528232
166,0.07635045626949936,0.11861972507682275,0.08675113161994906
167,0.09824473604652495,0.04221099437539387,0.1010387935191978
168,0.0525478326108477,0.014560336709581623,0.056000171839467656
169,0.04653838225788425,0.04046029501153764,0.04849617896944393
170,0.11486694112891209,0.06606285673620327,0.119378725074996
171,0.016971597736310715,0.0015687200886786395,0.015575712750286118
172,0.05937735293742611,0.01825147477524799,0.0695719411235652
173,0.016172042009291652,0.00279405137018738,0.01566514963885813
174,0.030373264417297693,0.013937556583352337,0.03815783897959366
175,0.03824986849597481,0.005288486848365032,0.03996082127597093
176,0.011531805157162284,0.0009655452779156007,0.0104859660204935
177,0.07401377629055554,0.17537801165983957,0.09052371446715876
178,0.010110203054680652,0.0021300480091418473,0.0087977530744936
179,0.10723495429754548,0.04794154724728097,0.10167103344687305
180,0.015504615971375067,0.0031333134680128255,0.01284017323321708
181,0.06802149770693644,0.023964619038497587,0.0778644567245317
182,0.08116222882420517,0.039430175668757374,0.09297557288015594
183,0.012072456898888018,0.0016787444172448208,0.00995703294621718
184,0.06107851672073156,0.06657772565224895,0.07251429384190483
185,0.02788005917931398,0.012792950119794685,0.02582423382971708
186,0.06099705131389789,0.019156435401909238,0.06185229394693166
187,0.017585110546155143,0.0019289316268503815,0.020119436773621036
188,0.04866612272935294,0.006694137714116668,0.04925587780784899
189,0.21149244157331645,0.28255512533840044,0.23779730559867404
190,0.04182833190632486,0.012599257115746271,0.04013218189529472
191,0.03523604027955183,0.013565801486451621,0.03739704355885782
192,0.0036007467664317867,0.0002665656193715697,0.003303510086812677
193,0.031491198708724286,0.0019938586329398262,0.035596347435669536
194,0.04007301824301546,0.005824626907600339,0.041460470827890075
195,0.09073553446457701,0.31325502795295335,0.08584588057289722
196,0.03612141589332018,0.004793023869476707,0.038178504749470994
197,0.0300645027909143,0.007573151183884071,0.026272365596332378
198,0.017045328202114813,0.039016193588341845,0.017397541737575985
199,0.1555527051346281,0.04449878705491589,0.16744825050333498
200,0.025398916667011908,0.003907021797481823,0.024955790098765376
201,0.011784682866814049,0.0009561132163289283,0.010665346449748954
202,0.016193030044556956,0.002474432708769792,0.01365013440619194
203,0.020276833092882418,0.003220492899812938,0.023314833625602337
204,0.026681175087333916,0.014970785597947211,0.024637965041435925
205,0.03135680464286682,0.01848121007191181,0.025983834471663192
206,0.21734265182789958,0.06971121806561206,0.21038314914311843
207,0.040513401913584005,0.006694012631762148,0.04413027649207037
208,0.03651443004776298,0.030654494437710983,0.03254267287656336
209,0.10742415025419359,0.4213511251169714,0.11864406793548869
210,0.03226308819775386,0.0032160838970210783,0.033959309822697514
211,0.16197495763779957,0.0768325547377652,0.1649853464677915
212,0.04565088156179151,0.014181794675245026,0.05062628069268654
213,0.026003839018595768,0.004681469630566858,0.022637520028105436
214,0.1884207264962529,0.5854387375827274,0.20159417046532985
215,0.011817358615204197,0.0010428986800818077,0.011620338824758634
216,0.08135906872577577,0.031171023603166783,0.07193754102837589
217,0.015614021486269804,0.00475452335003929,0.014067385567455208
218,0.032827866219940535,0.0061609610013382025,0.03548473109212315
219,0.03644801422321424,0.010818388698003794,0.04302391243798817
220,0.22785954991335577,0.562206150712921,0.24539092326131218
221,0.05669742750394834,0.026629297760642275,0.05264108780065445
222,0.03694937460116901,0.006087249071006337,0.03815587796820279
223,0.0124195125824869,0.004015008034348029,0.012221179728489306
224,0.045505330136409075,0.026098800004614658,0.04085942757935179
225,0.016306055010354863,0.002039282742022244,0.014898563793131652
226,0.06572108034558216,0.011254836972613652,0.07078725186820585
227,0.05096305480273756,0.013651608122796786,0.0469936700885558
228,0.04658698328609206,0.008330300453673474,0.0502785120179965
229,0.13092588504240527,0.046049948909695354,0.13320499046795103
230,0.12329231175806882,0.09567068760266129,0.12495966274134136
231,0.10014779335947749,0.20313270467974062,0.10438441785326139
232,0.0307221136118535,0.004649171489305072,0.03360147577104819
233,0.05273650380390591,0.005082789400869822,0.05637876968114289
234,0.010340095545204204,0.0008383168183625582,0.010240442987836098
235,0.14795220638766446,0.1785826087263444,0.15346087902323338
236,0.03546165862931767,0.005372726736874325,0.03520709223654642
237,0.033584643661137184,0.014510373384549734,0.03166627096948245
238,0.012325805961362082,0.0011822789016237617,0.012619445187053147
239,0.031152760107899125,0.01389068851586194,0.03359699836120193
240,0.1245216076287641,0.26361737910180066,0.11667694935876267
241,0.04178786242629942,0.03758139304836511,0.04608470831616692
242,0.10016259859660483,0.019589714323538093,0.10307530272142419
243,0.012639609170138063,0.002219560296519121,0.01272394783288289
244,0.0262335095243399,0.005681111782705059,0.02562796106029128
245,0.07425356740418047,0.02195341506347163,0.06679417148593715
246,0.022896571315923,0.0009727646055039459,0.021626670278374307
247,0.03529197714537066,0.00417759193672008,0.032286420195841374
248,0.023627057822540907,0.0023605102746547453,0.024682297139618364
249,0.04181651569170247,0.006865310901451694,0.03800391824481752
250,0.028502997451009048,0.00911995733510832,0.03387962433790983
251,0.09346036878882746,0.13846764477426604,0.09824095132828804
252,0.07435437759853959,0.01533793213879803,0.07300737379034908
253,0.012449811050900518,0.0015877736781358912,0.01290751501274432
254,0.018058624215273402,0.0005988473638539397,0.01791595409752104
255,0.044299024797974804,0.05229219566029141,0.043400159786075816
256,0.043326066790682696,0.014257674823285667,0.054108947775932316
257,0.041884591416120324,0.006840024944534998,0.04181202185523651
258,0.04043587508116011,0.013536155843341377,0.03803644657406641
259,0.036495131688768875,0.013946733785618835,0.03569105133100346
260,0.010550931520962698,0.002895123728331834,0.009482875026217797
261,0.0038772691819863613,0.00018981248305763513,0.003519814050248032
262,0.03042465924996063,0.01171811417840787,0.026250987010520515
263,0.057640267863924746,0.04321826390679772,0.052065139918226665
264,0.024321725444231508,0.009981630227114395,0.022251054670814462
265,0.09406273845908879,0.06958919812459761,0.08501335481299058
266,0.018804830582942203,0.0018441070741931696,0.017720325980264358
267,0.0433160127279331,0.008016943440807795,0.04180132127356158
268,0.02690728869071605,0.006629632057001905,0.03126737810727157
269,0.0687529362402084,0.028944243931438487,0.07162478277623632
270,0.02736755474598327,0.004817454029226034,0.026654279416008883
271,0.20568660950107145,0.15391019879505163,0.23716801568197554
272,0.1599222245004077,0.16873099491513344,0.1639691941969961
273,0.09166204645604106,0.06135619522623591,0.10088496216996186
274,0.07517813148290434,0.0374046661597303,0.07537879450871063
275,0.03647944942083393,0.012037745166738521,0.04018093813785318
276,0.0542005782013316,0.017624155815760278,0.057883707099586554
277,0.1431078375974963,0.16143088008460255,0.1520519363090315
278,0.03229563089971685,0.015097364887786017,0.029286140775624643
279,0.17264291372198554,0.051127890299501315,0.18794488983371452
280,0.12395168788897747,0.1554740057534165,0.13357360846031813
281,0.09989780098235278,0.04050829505677429,0.09876385175803516
282,0.010422186439388128,0.0009616271722920878,0.009821556343082986
283,0.07496327276292494,0.02258850525895508,0.08502127970249299
284,0.04759186110503369,0.009682932457811337,0.049460391157192155
285,0.038197054017383394,0.007836458709603289,0.0342360935394023
286,0.05874332744862456,0.01302064938103313,0.05830929829650272
287,0.017418515316073146,0.0016880413206395216,0.019020821986939464
288,0.09669589017581857,0.05838939620742961,0.10001325433037436
289,0.020962815843872617,0.005723077966099165,0.01976105852929483
290,0.08359448733630415,0.05501610634554091,0.07692834273552364
291,0.05629680724903623,0.027746953619890727,0.04582173955667097
292,0.04882443053078398,0.0037646483891403382,0.04700959755889662
293,0.012132921403481897,0.007310554250069108,0.011954475786238034
294,0.13312447697872093,0.043021883696483645,0.11280453931641765
295,0.01763362379888406,0.002125080449099436,0.02002470947463068
296,0.03554115673664414,0.015125576110658748,0.029620823408704554
297,0.02105336068185984,0.004876074699894839,0.023085843131169577
298,0.012554909635195932,0.003980851566585234,0.010972292718550028
299,0.05594510322776129,0.026795776641238077,0.05543351725733577
300,0.021076700149681573,0.005432650257694659,0.019615849322181488
301,0.03022309350676414,0.013779085331049722,0.03309706431966802
302,0.02234511634883265,0.01602687966670998,0.023152924998090033
303,0.04514349884669741,0.03614665445279037,0.04400924049964652
304,0.016992047511513952,0.001319492565917721,0.018884980485361413
305,0.012488833005690002,0.004958642745872192,0.010398821001781433
306,0.07937844434944287,0.01901139788339641,0.07905124835697512
307,0.08802207590160963,0.13764796276965455,0.10743429297096208
308,0.1324665239114946,0.16329522541505115,0.15317535882564073
309,0.019035849380041294,0.0012695440699488374,0.017487964234826688
310,0.01712603493311954,0.0015134731900197423,0.018118961177400507
311,0.019445916322126118,0.0015387636417628673,0.022033279750152658
312,0.04664602965938294,0.013390669600486646,0.05238610364116526
313,0.015878726496579287,0.015113947960388547,0.019392975543793663
314,0.037319351419290325,0.006543517500915304,0.03769634144455354
315,0.031185015706905992,0.0027420021253339514,0.033968074117831044
316,0.10215904239518721,0.09807938072198191,0.10001349229653486
317,0.088332722977586,0.07892526933228562,0.09156151997506418
318,0.11000946361764471,0.060865111142223455,0.1014486038428309
319,0.0936176581118834,0.054199089798408796,0.0902964305250075
320,0.03204298615221254,0.0038624236580441507,0.03404986929116882
321,0.0687529362402084,0.028944243931438487,0.07162478277623632
322,0.06217785033025609,0.014883992834811751,0.06967419136381396
323,0.11965505985655991,0.08632211691732314,0.13069565021592164
324,0.05851794636409689,0.0135160983018633,0.05488685482276477
325,0.15589216627315577,0.22249078862539595,0.14819012364825362
326,0.0751134644944236,0.015058828634485957,0.07183037392147062
327,0.0755654616505617,0.02457980110832331,0.0704633474495803
328,0.08533442241532566,0.027189034500273195,0.09168094357462017
329,0.06595306104426937,0.15138043508948504,0.06112157932477063
330,0.013285725764194983,0.0008474470900854544,0.013542934572045556
331,0.030282206665537,0.003861297693407854,0.03024665404793839
332,0.04835182764361023,0.011963573855725338,0.04269249416411468
333,0.03430177955821163,0.007685358470879347,0.038278156559072095
334,0.11857238753642639,0.08304732344448526,0.12486258717902972
335,0.02445038709025647,0.0027411504603626377,0.026977467607889723
336,0.02247262031187453,0.015583924821063199,0.022154780671241592
337,0.1678998738979402,0.24416488225434496,0.16463082453364572
338,0.12719287875135488,0.03183212356014952,0.1372843657107337
339,0.04640233771104366,0.02092559509701797,0.04338088956813465
340,0.20407794827361272,0.16694337044325627,0.22231350493679766
341,0.11203660216882899,0.17425459666806092,0.12712102131788997
342,0.032583332776538465,0.007934314430667274,0.03484301506815907
343,0.10101223362267323,0.06396267769387355,0.10352353466580647
344,0.0763383793299978,0.030288669286305994,0.0838955017805577
345,0.019853716539246214,0.0021286349531413795,0.017876857826544072
346,0.05060592597545559,0.00599372913857629,0.05427173200096856
347,0.12981195374200782,0.08952782335660701,0.12104987483388538
348,0.024628254444086305,0.007766018424435253,0.028612677827396262
349,0.029606483790118574,0.00444648463397179,0.031170868917661344
350,0.09431135176517068,0.04820226461874529,0.09444106088605551
351,0.13397374799744938,0.09010856795239341,0.1467688069957362
352,0.10446844943133636,0.07076906073729389,0.08802338769322521
353,0.11067793196833808,0.03481564019225931,0.1159508443029057
354,0.09030267200024793,0.022851743254602586,0.08760767855204887
355,0.03545059423450209,0.015589044806275718,0.03261895752445757
356,0.013714932488057366,0.0026566433464673776,0.014110637331027695
357,0.013874145589653167,0.0008439713933571732,0.013622111114424356
358,0.0956401405119558,0.029527908259974582,0.09772635243367432
359,0.10291063769459123,0.017707750977532532,0.10322778246589935
360,0.01740704304738118,0.009874308779978039,0.020511617089537984
361,0.03910307951867007,0.016461874063066758,0.042729287596738
362,0.006925112508169201,0.001410123384238244,0.005836045803333917
363,0.1150311881658985,0.029654969316558356,0.12014828257915464
364,0.024136935340832954,0.0012555910190236567,0.027338583292290282
365,0.07129453797770778,0.0407989213401153,0.06648587761893127
366,0.03499395248651476,0.008878120074858092,0.03736158915357898
367,0.023667450436412336,0.004383572861547682,0.024259198486739464
368,0.09790224866225333,0.03534351890277975,0.09234709140692964
369,0.022407798968977904,0.004068204209268654,0.02422992736338246
370,0.017046871387197193,0.001721904817999063,0.017095458496651623
371,0.0062377770152824315,0.00037023928009048663,0.006146425896417813
372,0.06266076538211214,0.02501333620780308,0.0632692401428171
373,0.035074882902604645,0.04487934295518814,0.03155878351295563
374,0.10142107420487942,0.03986643947603176,0.08797728593229191
375,0.032951823259680636,0.007459780368179122,0.036788029019151736
376,0.13461122130965628,0.03331168261914489,0.14866494055160853
377,0.0626688156804314,0.010899013305460413,0.06644303439174545
378,0.011441310096077456,0.00835885504000115,0.010426092959292779
379,0.06158304063798839,0.02602713155521586,0.06658890274748433
380,0.15041397488744213,0.13826276916967717,0.13691837095602807
381,0.03604680117956815,0.004095632295656279,0.035860235298542126
382,0.09024412091780078,0.11773081912471542,0.09678113045572898
383,0.021664110640993897,0.0017721079650932627,0.02255510245322936
384,0.06047120331339867,0.019648000963611172,0.058334725225884065
385,0.051919928275954465,0.017638450360477762,0.06190015580810364
386,0.058894233390224524,0.00756808024805821,0.0632011854607884
387,0.13447405488699393,0.06977737736463901,0.13293662714166202
388,0.07753139787399396,0.042098796898442474,0.0794306600420059
389,0.09704849453597954,0.0542110897231868,0.10100018709403628
390,0.021553417446654424,0.0009213142887594352,0.02398704577080348
391,0.015441083170004649,0.0017613681075323178,0.016572371487209907
392,0.037484208549800495,0.013429664739594904,0.03474161772821744
393,0.037751892968622684,0.0038105071602642254,0.04083033618878513
394,0.017831989963223868,0.002443627920444547,0.021344918185926078
395,0.033187507584712374,0.009199159470288272,0.030885738898584134
396,0.04760980042807043,0.00611585733437439,0.05350034378393265
397,0.06416699412030277,0.014044735351021574,0.061405157672623174
398,0.03185372979334061,0.014443931895764203,0.037019728602301766
399,0.021550527310952243,0.0021424124056531302,0.02279174163673789
400,0.003837509083984053,0.00017649846930978068,0.0035642654203188674
401,0.05916093890197318,0.0927793552564573,0.05396533323729215
402,0.10573648387163202,0.052067975680505404,0.11001569108952315
403,0.039173700370306284,0.01069575962194471,0.037163951278861594
404,0.0513277833466312,0.013094070611451958,0.05397756268965668
405,0.017308167086078952,0.010160801201216284,0.018518269874649114
406,0.06387618230341895,0.03601670310166007,0.060263167124493804
407,0.07549494014764419,0.05004022078532438,0.08699216647850559
408,0.015888190673796907,0.007614795054304732,0.01864880782971556
409,0.09512860263653612,0.06989033751568151,0.09154317378348881
410,0.043713447906261436,0.020847147871005594,0.0458408306900211
411,0.059025131335879534,0.007169206365225747,0.0596313596811343
412,0.032689344681645915,0.023280772787005022,0.03772001877366203
413,0.12350298475119394,0.018880573480736754,0.13467077611980044
414,0.028687479514631464,0.005306096108922539,0.027668953220753623
415,0.027263533717888744,0.0022436877209841945,0.022619936898093076
416,0.02528447725290728,0.018118013279172313,0.03095565075069163
417,0.08589018841580397,0.023186162487659593,0.09368585584239096
418,0.07263080462290106,0.0487309188788009,0.06761678592526048
419,0.04206219498275521,0.017786639268788637,0.04208346675209292
420,0.03510356853499971,0.049238643235577945,0.030355611133791528
421,0.041421000271602774,0.009144179526372944,0.04686109370003605
422,0.15761419833465404,0.08959044493952831,0.16072618247001189
423,0.11585582966592796,0.10654399625475842,0.12586857191775608
424,0.06717359923647315,0.033907012660947804,0.05818982837372277
425,0.0836532795905244,0.02231262863785431,0.08036335245676458
426,0.05272358427637678,0.003474467542564147,0.05478128508872334
427,0.12297352237521035,0.0268341308194019,0.12497287089368198
428,0.06106613076120198,0.03908594237414623,0.05769851962185638
429,0.007670733037614933,0.004382020063839467,0.00681748341642397
430,0.07591294059194116,0.09127169941185409,0.06467567996171909
431,0.21758102059524198,0.18259306670192937,0.21830183813968607
432,0.011755647068684913,0.002347575541396366,0.010767175330791735
433,0.025169220187406333,0.0209813440945624,0.02999287712589542
434,0.030218538628965286,0.0032731798859521543,0.03016168760478376
435,0.05711225003035485,0.020764993647844066,0.05359239574673494
436,0.0455737319632772,0.007688207424108603,0.050068580639726315
437,0.0847613156470798,0.093004917517982,0.07405302562510867
438,0.07716496597510976,0.041617175887202554,0.07956394181159906
439,0.05250388214078998,0.05604169569695957,0.05224281510051247
440,0.062310317342459474,0.03998420242108946,0.07202757644917097
441,0.024473525455632663,0.007028226656802355,0.023157156362639167
442,0.04556248278839953,0.005259824508997256,0.04864067788954082
443,0.1622034655589783,0.31028413557313544,0.18060833504042131
444,0.03719006585159791,0.008304181600677713,0.029461380857016467
445,0.12422206444915311,0.05705971168072092,0.11311729269885613
446,0.14041977844264203,0.07608790776085837,0.14964676000025243
447,0.055821331957211014,0.009493587857915875,0.05868263667347407
448,0.1377859181427888,0.04345952979791049,0.13938466371836436
449,0.08998004037722034,0.018868236837016467,0.09419159547098263
450,0.12932060224075562,0.07936091439444286,0.1483295652863649
451,0.04025473323370487,0.005122120714598351,0.04387758457136083
452,0.04231239112401167,0.010843804590826461,0.038957106853892684
453,0.036169858489094216,0.007805356943041324,0.03348665564783803
454,0.13072463380988808,0.025589478699445573,0.121733423743907
455,0.03270257785645634,0.012467996966582334,0.029518489719195462
456,0.019429129810956826,0.006216172893795818,0.018745369692071703
457,0.05610505755040224,0.007784517011456486,0.06331192230162441
458,0.023610192993711327,0.0013611063892416582,0.026325162276768125
459,0.09630670122564396,0.012719871280797138,0.09366161680774628
460,0.06575314489811467,0.024329623937420584,0.06315857292223342
461,0.25271033481235594,0.42641493585202017,0.28399690174189907
462,0.032258809330108947,0.007455942310272346,0.03228351237407234
463,0.01456542243702631,0.006842753070860419,0.014153328751023002
464,0.010184471070815547,0.0005994579642047482,0.010388557892249198
465,0.05559431423291975,0.006885882966401041,0.05503970073615192
466,0.09367360375624931,0.05116064355280919,0.08471925640266284
467,0.006290499323598585,0.0006162706890177304,0.007012865627842339
468,0.2931681750072952,0.8659576713736015,0.32799271603769115
469,0.010217872174822323,0.0017477238797330489,0.012723149402880255
470,0.13321551341257848,0.2068001366231598,0.13243233418254163
471,0.02880797553515855,0.007319940562864518,0.02955695405518911
472,0.06847559808209433,0.02089498729383332,0.060194910260285235
473,0.011740341759401432,0.0026508518023723683,0.012361945651377158
474,0.04924947870709063,0.06485368861989908,0.046639097177296224
475,0.15360206285727201,0.17470591868695706,0.18291906545494327
476,0.07314491804528679,0.011505281785088205,0.07023607284386808
477,0.003692885273897172,0.0001465434117970585,0.003505832336637518
478,0.059614202414056475,0.006116348557876359,0.06211714830022554
479,0.06154342341734578,0.02707338188469912,0.06932916168961266
480,0.035260579914616764,0.002973293443208459,0.04001050846729366
481,0.06391114646837569,0.018513930487687093,0.06128658766759966
482,0.004119975286421626,0.00046989982177961833,0.004636483851544192
483,0.0455965507522228,0.016855632436250174,0.04082645990349551
484,0.08229766908630591,0.03894353041823826,0.07551928122860266
485,0.11912290403277119,0.1055075909886084,0.12090808847142741
486,0.09588254600394425,0.24922984419768152,0.11561332569445144
487,0.06847729433961064,0.021316749145556074,0.0617173932212243
488,0.05727924429622045,0.04095019636163997,0.061350474999872305
489,0.10944465548708099,0.2742245115852946,0.09519534867505902
490,0.11604791532597167,0.04915937034634222,0.11974391794139069
491,0.024611682205956165,0.0037066737807563994,0.02272139630451191
492,0.03265181548992186,0.00935207659668023,0.03494069385247072
493,0.03932038578285813,0.015527635057320787,0.05021148967264614
494,0.05646803821994012,0.163908507847327,0.0514380457408581
495,0.007673863404863533,0.00034861896429158037,0.007967340650401727
496,0.056276354775339425,0.005564278689891109,0.05408756832857896
497,0.009094122173047815,0.0005628651530364979,0.008153328530196275
498,0.00771316575247442,0.00288185374507589,0.006926776670920985
499,0.04701752306679502,0.02802045313792622,0.047520071873804325
500,0.17942498612814564,0.05624621541189534,0.17880331977015723
501,0.11708273050965484,0.1013609340156857,0.11275068015458609
502,0.2302924815470218,0.15006597951990666,0.26627108527490906
503,0.0520372925365306,0.024234217262264348,0.05546011182287791
504,0.010212465963302312,0.0035282777572057853,0.011071876862166414
505,0.01849301155806267,0.0023412732409574307,0.020792400296961843
506,0.03229175609577526,0.004428586707637377,0.03268922131875368
507,0.04003523461268645,0.017926955380416203,0.041097733406310205
508,0.18604397962532465,0.3507055535887217,0.18133863318746465
509,0.02226513581448167,0.0013657666801947192,0.021198812206997965
510,0.046572615284993395,0.02403459044212289,0.04663600573663805
511,0.05233338986248949,0.010575753695183618,0.0525144694965605
512,0.10573648387163202,0.052067975680505404,0.11001569108952315
513,0.035269461032562475,0.004394475017590559,0.03772840303946406
514,0.019408648334990414,0.001054582848859746,0.019401395873005746
515,0.08015912009194558,0.03052331992182632,0.07568964873818988
516,0.08149951229896447,0.14595265514776642,0.09610355166502049
517,0.01124582938418166,0.0017150648331476256,0.013299801825968186
518,0.08559003811896812,0.19675018829354818,0.0993203077645524
519,0.0585532406959567,0.022311807917186795,0.06489192260150699
520,0.024639919326670354,0.0016891643540760883,0.028200849549693742
521,0.0792692443214099,0.1315607410459607,0.08371010030973092
522,0.04778870555146915,0.007577394137497654,0.04165187056326269
523,0.05347570194315836,0.040766061832934665,0.0489545274140152
524,0.03101120488478048,0.00525601587130664,0.031680159237538016
525,0.14566462112894274,0.2472152783152914,0.14922092988632568
526,0.05702132181096261,0.03703045077392189,0.06319979156884506
527,0.03322203693063104,0.052143091502008,0.029853210698579012
528,0.06378775404734718,0.035466662679336555,0.06847844844360006
529,0.05123249005616739,0.00891730608315121,0.05205204359926083
530,0.05943351891421669,0.008640813018258394,0.06667814530993978
531,0.11975133519496127,0.46900710040049054,0.1375328317389788
532,0.024230934913845148,0.0028188172604085644,0.0246724073781718
533,0.07183776667155473,0.03686031738450657,0.06030097998933681
534,0.01933408804281722,0.006918780706832051,0.02189799030255033
535,0.013696994495408359,0.0024257602125449425,0.013561864494061448
536,0.049810426240604784,0.011912334818353132,0.03979743328836726
537,0.03659870223367777,0.0066495481109478845,0.03736326289298141
538,0.06278411393728663,0.016148222989617177,0.06321938277132227
539,0.08098402826811361,0.11723722668419877,0.07477426884232019
540,0.05543617667608397,0.007799582966362917,0.057172242886914165
541,0.11570834073851546,0.10627062321253533,0.11814869204060463
542,0.09023270065541561,0.017238105201646182,0.0768570986341452
543,0.06228997471332727,0.06270055888333291,0.0647702600101289
544,0.042653630184206405,0.007931819072991758,0.03709366417920094
545,0.20050331544243882,0.17362760346605682,0.1807836044922299
546,0.03553596870694817,0.006335688596709461,0.03530575433769165
547,0.02079349029261973,0.002738125288649075,0.0178080242542661
548,0.0307139521683443,0.024694090443531824,0.030363338885426874
549,0.02980497231150882,0.004657926068253343,0.030293669925818684
550,0.015471868579181185,0.0026500136655681107,0.013180283553029182
551,0.05144760316508176,0.023110992007251183,0.05238633249021191
552,0.012582620963581325,0.0010860722293832103,0.01263820464480496
553,0.24999382493587197,0.06871056186791404,0.2639699563285973
554,0.0862926349565558,0.05615654928561314,0.07301875381306543
555,0.017071001049237748,0.0011714388612628632,0.01829480946013709
556,0.13585105376866458,0.26912475787904694,0.16397417422890312
557,0.04574660092067555,0.02083517456674761,0.056905035221813685
558,0.08416255310006654,0.015898997054002877,0.08273396927845358
559,0.0623539496966013,0.013151373803244593,0.06710851485869898
560,0.03562459449351932,0.02613006484118142,0.027992907434703677
561,0.05726648287923144,0.05002246894515808,0.0671211511151648
562,0.03212319067961049,0.016054508817861978,0.02698987481614541
563,0.09629150992682452,0.08262325205571018,0.08027161334642297
564,0.034838470488565365,0.012974978016167326,0.03316664087234889
565,0.164934403866788,0.22882337620385787,0.20104809661386652
566,0.034760567808799755,0.00464870037908209,0.03607278540101894
567,0.02220396913217501,0.011931412032216229,0.02582332777580398
568,0.03355923494803684,0.004520564422625731,0.03779630891514996
569,0.15244093885195736,0.24192198729496425,0.15351461080106188
570,0.02898107516413825,0.002457989725256417,0.028758543983447106
571,0.044086501781707706,0.01843024456585214,0.04083323981668937
572,0.16170532773095259,0.051904201917270944,0.16868008460617825
573,0.08616609780681447,0.04259319036630891,0.08572562685197083
574,0.053316968678838464,0.024695045388884146,0.06204489156689362
575,0.06727537743430645,0.018416756766833294,0.0693423595027719
576,0.02335508535144717,0.0017683924309888853,0.02128184884602114
577,0.05836635170595881,0.02247448034886025,0.053816265006239934
578,0.041977013499136184,0.033176530826534205,0.04875769845268406
579,0.03134414740418828,0.049819306178871495,0.03333543147576836
580,0.01073470884649654,0.0005805140260174358,0.011441336694492049
581,0.0867157223615848,0.08010959096334941,0.09079740503096229
582,0.07124587732253125,0.023393620408114598,0.07089298156019785
583,0.1109025214143518,0.153596377323679,0.14032719017887615
584,0.0402124595869267,0.02519250578282947,0.042312050074182095
585,0.03196579943882283,0.009633823775658816,0.02878318259632016
586,0.020691060321016228,0.0020168868856566317,0.023325252350556457
587,0.014384956464289004,0.0012713118049282632,0.013382004585796699
588,0.006808580096646054,0.0009691412499135988,0.007039213271325281
589,0.03459818191809155,0.012222659160575518,0.03238920830274347
590,0.012889738455917015,0.0034312289241557785,0.012951866189150611
591,0.07341690738809853,0.0058446287995608005,0.08103496402536625
592,0.010948902032302662,0.0030884963233625716,0.01041052174895229
593,0.046158543625570904,0.007295833249524482,0.04761309193862571
594,0.10080188396079262,0.016354772050401135,0.10282070362487168
595,0.01953247366044363,0.0017195857564331022,0.020796275526671622
596,0.027137005867357185,0.0024438707770129443,0.027878453705816802
597,0.08787346968305104,0.0203708534121885,0.08243636937036508
598,0.08203103222279748,0.020743886905116013,0.08062366369033584
599,0.08290553623152806,0.09415209309258656,0.09616544740568952
600,0.06406953846317828,0.0260170473754785,0.061004718468881586
601,0.05008391035527332,0.08335770080164637,0.0473144051649016
602,0.011183887263957299,0.002556845650110606,0.01275203170298193
603,0.10112374802780014,0.05486003380122652,0.1136296348126059
604,0.10853150371106525,0.01951205674171012,0.10770678338279034
605,0.056446676767253075,0.0039042665626705226,0.0533969914770282
606,0.15330591238473387,0.04037933210319151,0.1524561466486424
607,0.09018942661535537,0.10399312436413746,0.09493159791532223
608,0.058021580707341605,0.01976957709219697,0.05642569690522255
609,0.14353357728112115,0.22920842233857072,0.1321871206281205
610,0.039058841648153576,0.03515313877798169,0.0377121802540211
611,0.10084921652374867,0.03514359073466361,0.09208191142004113
612,0.0684167729615607,0.014943788460235174,0.07408458073181862
613,0.0408455148313084,0.01649066514245542,0.04115706268177439
614,0.10516667772642854,0.17934941629251408,0.10050981562280681
615,0.076675387437356,0.005137688588737306,0.07851253763589712
616,0.024169171830598458,0.0020537481896383256,0.02326836034845613
617,0.014066367362834642,0.0007212538015131263,0.015805358892814522
618,0.012995985443209058,0.0013591537665678518,0.012270955326614328
619,0.11081218501084016,0.24406074167202169,0.10900768984878942
620,0.024414423695972215,0.0022083581808163273,0.022983839578918284
621,0.005113732016223449,0.0005965789777084121,0.005571874490886937
622,0.04237630366934352,0.0031913415512957164,0.043764018790925445
623,0.051306113014139273,0.01127307043881486,0.051133576712526205
624,0.05618972724373969,0.09242275824741829,0.054601233218978217
625,0.09627867313036209,0.03683746015733239,0.09448972503853448
626,0.039972437048737736,0.004204834844560609,0.042730950238961556
627,0.056408127347894695,0.01757958979134594,0.0544823531401487
628,0.2165857867564352,0.11106911303353527,0.20564650443391633
629,0.23876717486525129,0.15618535446480328,0.24757248945335428
630,0.05121980273697413,0.006042309393046225,0.05515089707578133
631,0.03385636744073544,0.005774069026414344,0.030899433807132823
632,0.06587969748410888,0.045273675597910075,0.06164324162744541
633,0.07186777141947169,0.043466033114948545,0.053547069968515756
634,0.018142124144868307,0.004164921102840713,0.0176529636316664
635,0.051770149293242064,0.009022527545826128,0.048130264104218085
636,0.019903485850708585,0.012710436808396498,0.01802923830786774
637,0.12111227959471735,0.05390207662627677,0.12385140856136011
638,0.11840660223659664,0.036846433477468396,0.1170272185840215
639,0.043424527251246944,0.010979002467713475,0.044272984152942375
640,0.055337598814460244,0.00983726602515938,0.05073993962904495
641,0.060931273581695186,0.041989640914882824,0.0514547557148756
642,0.16890981188224122,0.14551205674726353,0.1719992488744411
643,0.32510326602576683,0.3948432389110098,0.3653933790550871
644,0.04452033570698825,0.010504523843080977,0.04277987482418506
645,0.048265093666680914,0.01492382945841105,0.04129994796512542
646,0.012267679472828285,0.0007295317629219912,0.011858900135968057
647,0.11040353406766283,0.2113921288823565,0.10287195892559331
648,0.22118829825894884,0.13741934258262592,0.2236357795743484
649,0.0616241401816848,0.044855634352003064,0.05586347622106715
650,0.008304615907435003,0.0016445323280421806,0.007123357813891114
651,0.01250559504177743,0.0017565979037393877,0.013328147441895432
652,0.06883147161078998,0.02439382796596597,0.07267801295852581
653,0.2670140587920532,0.15652779964831548,0.2824828470053789
654,0.22469615083664046,0.13698645899942108,0.24110475874361792
655,0.022256678247039047,0.011685824081235778,0.020345791342497883
656,0.04757833051235606,0.019449117130144286,0.046915617553462824
657,0.13560148409737297,0.27519974621228555,0.12658422160149121
658,0.0177384180097722,0.0016540830989769757,0.018503718743833185
659,0.03622044780159868,0.041559126596547716,0.03418560803325502
660,0.025238398526843873,0.00423732198851453,0.029647820220830286
661,0.062021736949387514,0.04511831344905684,0.06295378178653631
662,0.08735964449741207,0.04073971930748335,0.0822679227317229
663,0.04636981844113206,0.011893366285161544,0.04633246304903052
664,0.1590722956024683,0.08783917097269245,0.17462024374344448
665,0.16028427833027167,0.344205722127285,0.14826264872658257
666,0.06374371969824387,0.01699802081152925,0.056483140732747336
667,0.013908095490881922,0.002694027570432196,0.013725824645418242
668,0.10212863057906862,0.05547702004085696,0.10558514544456579
669,0.12500756465928312,0.17383926744381603,0.1403420604525815
670,0.04804561847741044,0.009165698605894007,0.04244766945147955
671,0.009075234042813138,0.0008795177817847599,0.008160136864098803
672,0.036003386252615954,0.004828599988582518,0.03150862391808669
673,0.033725498778548475,0.0025559921672264068,0.03632915046032284
674,0.01702916495346521,0.0028753696072615657,0.018468121919525297
675,0.09055348253795717,0.04451249131989317,0.10260983437617956
676,0.09045481589960588,0.07644718620419602,0.08150119902176543
677,0.011096069266527704,0.001260649512862785,0.010405084696891338
678,0.10609923276372815,0.16244264567505845,0.10862945731794575
679,0.020956430494052273,0.005545023412864985,0.02178799739128893
680,0.048878336355187804,0.013466398753498941,0.054073071354135985
681,0.030897343700401387,0.008221508218091186,0.028790650837357788
682,0.05985726529202919,0.04509807505715103,0.05792717079847135
683,0.10122993934996545,0.014400625253648344,0.10841048576620796
684,0.02842104534343716,0.01064762911073366,0.028623199655069095
685,0.1351256391198645,0.04775516160967055,0.11785363564171589
686,0.13696645562680412,0.1900542804166561,0.14024111685110896
687,0.04254255614243675,0.01629423756499143,0.044446949078537336
688,0.04214826723428636,0.0026092286807578007,0.046868354242077845
689,0.02455359326939671,0.0038233785433214903,0.02636517199100485
690,0.07595979069005265,0.02962560699509345,0.07176839376072676
691,0.06238538532976881,0.003662153220035466,0.06416742245873427
692,0.08536568709538933,0.017630949423075717,0.08366327839977063
693,0.014590583605682994,0.0012769183637773296,0.01501004986204413
694,0.08039112716092417,0.10281957193368277,0.08456827100166456
695,0.10161245160930987,0.02587687171271802,0.08790978539650338
696,0.05329404250864114,0.17471124276222336,0.07071749409773655
697,0.20999498924941598,0.3263367376689677,0.20595571457781525
698,0.17255407532543013,0.24268060417853493,0.16826867720279942
699,0.02176424131100471,0.001557608872318132,0.023897526044751472
700,0.04403770897418545,0.016234950587325887,0.04667530192660868
701,0.0075192755035244875,0.0002418294984595125,0.007659937965205794
702,0.007080476078738665,0.0008792440938170219,0.006445349642326602
703,0.015489786067448753,0.00120693817060836,0.016397424620087756
704,0.11942143081112974,0.04149167795946711,0.13330165479199416
705,0.014766586167601174,0.00469854975024008,0.014622148415835286
706,0.19688303037228286,0.3884248080335637,0.2095042207792523
707,0.01986531209287544,0.008654971135880169,0.017362553201372394
708,0.03450098166607441,0.01794675725981471,0.028957828063570112
709,0.020504640435328972,0.0020740753336148565,0.02132541235561436
710,0.10791373500211726,0.0398298806328423,0.11007140513795174
711,0.1588453301708543,0.08813731851044913,0.16074557854377808
712,0.01812357612740713,0.0008795402252628929,0.02050905422314956
713,0.023699601628501307,0.007140419332558207,0.021240151592310654
714,0.0892684691535607,0.04112790602509066,0.08425829840695784
715,0.13983850570769993,0.18213179620128225,0.1391578179339506
716,0.048265093666680914,0.01492382945841105,0.04129994796512542
717,0.04962434690222224,0.009622776805804149,0.05114653871133915
718,0.048931383926318316,0.018480207509079458,0.054769326905970105
719,0.05299867122222104,0.009739063193015197,0.05311839092136959
720,0.050943688097275355,0.021098746654255197,0.05169544475599894
721,0.030103795806454076,0.021422405019914027,0.031113771840980603
722,0.02441110248736832,0.005075429850929165,0.023880737930260326
723,0.018702572906456126,0.002833902825306701,0.01594217082928746
724,0.0474749090747398,0.037571488364016775,0.04577311424609136
725,0.012353785964823318,0.0048517169469472765,0.012350769458852703
726,0.21121385705873832,0.37132296276937043,0.21051907089557967
727,0.07821551116804111,0.041932833619208104,0.0834789268184618
728,0.02749703444155283,0.001842196435965218,0.027177798856047947
729,0.09697364375095488,0.04082270479817524,0.09645438624909027
730,0.11752859972323507,0.027586234879800824,0.12517737765184708
731,0.010959548553690098,0.000993347552431065,0.010505374602115009
732,0.12158729055736832,0.033039813030894635,0.12700529194906635
733,0.013803676326563829,0.0008088877077633463,0.014548896853536431
734,0.025500702975411654,0.006727940960833905,0.027599550420154408
735,0.1000550077719109,0.07216151739882695,0.10553143289555703
736,0.009793407176668604,0.0008688858450290922,0.008424337479567189
737,0.08302290889057093,0.013262081138272446,0.08833560737405588
738,0.03385798403737431,0.010624346377899059,0.030140634774127
739,0.020136848209920954,0.00390670731460887,0.021376464135386568
740,0.0173795217721984,0.0033924511944541007,0.018493706540510326
741,0.1841990415974297,0.3912669609943267,0.17768450233344638
742,0.051867813413744815,0.013652397515106558,0.04692697445942016
743,0.02817373875046022,0.0029126505495980677,0.030963319462835474
744,0.07439371560668336,0.43043937063202337,0.09000518175907173
745,0.022524207435561265,0.0018272887567024958,0.023891295847757964
746,0.0554842548480997,0.010721533803943643,0.05508348659253567
747,0.07996417394517191,0.021536420706173454,0.08271952741874601
748,0.10187176273148991,0.05060612904312902,0.10604082159359318
749,0.08578699631643387,0.10738095524980129,0.07929919329397327
750,0.01414051243848317,0.0032021802192256773,0.01678894445944815
751,0.045024312950900966,0.007626495661043173,0.04926620878569343
752,0.07986419955879748,0.05798722594474211,0.06032103374404468
753,0.007656312465468445,0.0006874014686448316,0.0075423873928186945
754,0.07338132094742161,0.10677236262548624,0.0682308674589545
755,0.08668903238371015,0.030235414402880134,0.09588674093418316
756,0.0758211111241573,0.0353543306823578,0.0870470198960534
757,0.014257270303200743,0.0018702489423011131,0.013774150017674179
758,0.0324764745778814,0.007993019448946256,0.028738441524201148
759,0.0789029778554284,0.04949508953241573,0.07255029812867386
760,0.11452209678161537,0.09424960938154324,0.10883968781766656
761,0.01883135671692119,0.001242068930319288,0.02074271382683014
762,0.04731152573246722,0.008772349601135576,0.04485513961821472
763,0.0952966621161998,0.057785630063320305,0.07370397654996734
764,0.084321119418093,0.05220413057746787,0.0959532956506308
765,0.03707281796889569,0.006309845724551106,0.03550758388017207
766,0.08377502947122639,0.05125979158972498,0.08598299406615405
767,0.01378125621348903,0.0015001868671636318,0.012859980825538275
768,0.044502246784855023,0.08383425189402442,0.045966712922255015
769,0.01665835500732874,0.0024962789731757147,0.017168851226998127
770,0.019068927060825313,0.002331148519970553,0.019352405559411825
771,0.021213310393642538,0.003821791803284989,0.021503465041299522
772,0.08347897821375677,0.05265078153796807,0.09251431500395653
773,0.07450730004313244,0.032879415646862864,0.07148288434994109
774,0.0635777383606686,0.13599806381014337,0.06425144337710499
775,0.08080236900306018,0.01350755889182648,0.08987873328883131
776,0.018431963777810905,0.002407224167243871,0.017558909587860876
777,0.022037980921723113,0.0029225528068849496,0.02230057771540389
778,0.03267937613772663,0.007148382987507015,0.03438609375918855
779,0.04295443728625999,0.017479751804578163,0.045398624976410173
780,0.043424527251246944,0.010979002467713475,0.044272984152942375
781,0.06237090878978001,0.019929930571627504,0.05963525868152554
782,0.1110144207852235,0.019825239937719123,0.11101815049719503
783,0.012409125318487224,0.003644196407124863,0.012715002686638128
784,0.008886426060541106,0.000350825448509201,0.008624861637294324
785,0.10528015028403488,0.01799250514888483,0.1064178689345133
786,0.06638942831555258,0.10615653552494154,0.05609405013075622
787,0.02738235616528005,0.013052598761835064,0.026540383570195714
788,0.12224074242525489,0.04675295746512329,0.11873077558878345
789,0.07402878309098307,0.0170710728457,0.06740999047408085
790,0.06749354418785762,0.09550072437020468,0.05673402670409373
791,0.1521928769312456,0.0672317214675803,0.16395966312988453
792,0.1924935851374053,0.3170885326672562,0.19855570584034152
793,0.10136101894158936,0.04226399732334276,0.09374697222056495
794,0.061934778323574434,0.004719672616869331,0.06304090316551629
795,0.007692208690058459,0.0006041177167341634,0.007998603355242336
796,0.03401701823776418,0.004036759145272743,0.03357735896680707
797,0.06218219876465408,0.027386919386827514,0.064193815482298
798,0.07331492704998667,0.036599484231732995,0.07250852630115874
799,0.032467768600201494,0.006605331800975289,0.03846830030740293
800,0.17780103591620522,0.20354206946547035,0.17049106999709843
801,0.009985952379757676,0.0017132761549572292,0.009119949726991
802,0.06515402725125824,0.10198574447042226,0.07585668962318326
803,0.10735469865844716,0.04093334210847207,0.11456640634989286
804,0.19088984390555794,0.43630836061096734,0.23252603648048717
805,0.056200522832208555,0.014796144130553293,0.060225063021634176
806,0.045984902386645134,0.014894444193076523,0.03634576681409645
807,0.015409981886035193,0.005061372788700633,0.013540990654602956
808,0.036130422349525446,0.007007410043941632,0.03931196959189094
809,0.02375289170529388,0.03459326247263296,0.02485714808639424
810,0.03166735806825678,0.008438860903457085,0.027224630906450505
811,0.021827779492321838,0.006056877890157498,0.020560622746422036
812,0.030081313918389987,0.036043620946702715,0.027179939344987924
813,0.06763657617627958,0.00947545750755844,0.07233659817452616
814,0.04453737511017042,0.0067709200242874485,0.03885575890559649
815,0.05351725482042926,0.04388003180571395,0.04594038850077054
816,0.03197784400762948,0.03947503047794927,0.037466364991038136
817,0.26376833695392726,0.07658998031189442,0.25874660407445443
818,0.02197708102160222,0.002632194840717602,0.02380833225702377
819,0.06467542763543642,0.01866208401024313,0.06227190621782692
820,0.2085329564899079,0.2790134740501599,0.20444901033970836
821,0.055957360744139574,0.038025529727626114,0.05563472803760595
822,0.022759908344000504,0.02833782861537367,0.026031906400834606
823,0.02657711611818146,0.005444876034829586,0.022258626076663394
824,0.029678286069267583,0.0018132114134816208,0.030882099305644797
825,0.015651287427219735,0.0010414482180358443,0.015194096148463516
826,0.004123532945932853,0.00020042065714361563,0.003166921988677705
827,0.06734984073849445,0.04469194864414649,0.06874288041139281
828,0.0810515821954116,0.032316937168440044,0.08915461830306423
829,0.04216181868636132,0.0071644660971896595,0.04064792753233064
830,0.01679803936973169,0.0034944846038081614,0.014049367721241064
831,0.04453737511017042,0.0067709200242874485,0.03885575890559649
832,0.14274193920031025,0.18367902235095976,0.1488988537094039
833,0.16853541855050175,0.07535611490540063,0.19461146023664294
834,0.0768899704981414,0.03561064427199647,0.07238294698913313
835,0.024928632228988414,0.023074216406209415,0.023900500159441736
836,0.062451084304148155,0.03833679799575172,0.06604355202761308
837,0.09888541323137953,0.06539097633591624,0.08573837187710978
838,0.011931033406636597,0.0011918344400299547,0.012296870658628348
839,0.058597146414929836,0.009138439030636845,0.06383641647407516
840,0.02343122824548794,0.007572103302182116,0.0225413781501301
841,0.10101223362267323,0.06396267769387355,0.10352353466580647
842,0.039097240305379234,0.0039185956823824175,0.03897406405383215
843,0.026050409886387522,0.0020289505460856054,0.024009878397010284
844,0.044951373601352505,0.007654666606044969,0.04481095178155519
845,0.09225874913304917,0.06430865642009295,0.09270500258178778
846,0.0556288060787423,0.006417150639459005,0.05617778902934506
847,0.013983897159201931,0.0009681126885592971,0.013066723086686322
848,0.05561580440426057,0.03449924125516528,0.05217847160219409
849,0.10715875350690386,0.11079625262070693,0.10328310028290197
850,0.03399876639069286,0.008208601669960775,0.030989758864293733
851,0.034895680545585624,0.013056612209577484,0.033421619842389186
852,0.06284743483150207,0.08863023401926683,0.06117415461133377
853,0.014498689398245964,0.001458219643927562,0.01283627856297737
854,0.029667144477985068,0.022639315347661657,0.029739450102166047
855,0.048517566699978046,0.02863772231118181,0.04579796878568119
856,0.05951595432124738,0.03178696297293004,0.06400172369478853
857,0.029169435570899252,0.0031828372938788796,0.03161204666369709
858,0.018011324388424448,0.010194221741644761,0.015317578464259091
859,0.10769767098424024,0.018281753162546995,0.1096944808388383
860,0.04722935958323507,0.03637087808705808,0.04621181285400969
861,0.11021114633840716,0.1097235633911094,0.09911178914301134
862,0.17291750920450502,0.1926156231832499,0.17629406008466497
863,0.056666869227150085,0.006708671559232464,0.06052139363044123
864,0.02958647559465401,0.01405209093022134,0.02979011699206074
865,0.04433843156266742,0.016880771064758274,0.053684032453542904
866,0.024103119280931434,0.0018641711657159032,0.023378065757760778
867,0.04000545608709769,0.025126823487381433,0.03012515630761479
868,0.012516042082535477,0.0013132093902815882,0.01277215920515165
869,0.0803173300196142,0.03513302969504804,0.07404825820752453
870,0.053617220550440346,0.008364504761974069,0.05576433484484949
871,0.009356273059240071,0.0007392404222148302,0.00835105993915223
872,0.03360443892442811,0.007436893894545108,0.030338031372833422
873,0.029973668476802585,0.004482580746634914,0.03168835461894179
874,0.13797767442200545,0.06911602385571597,0.12971960859397652
875,0.017179418380897177,0.004680203843977937,0.015990702761980804
876,0.036044210162884324,0.0022017856817096644,0.03902257418445487
877,0.04249318859496962,0.006466740308178073,0.04371910377146801
878,0.023687524547224902,0.003272163778678414,0.023935024022490762
879,0.009392652887734073,0.0016060501116566598,0.00901092967104909
880,0.036363593179523285,0.009152542671844035,0.03953945538049131
881,0.030558300086551495,0.007299672321474962,0.022604025511385642
882,0.08924724856772451,0.028163107962400714,0.08909430521397713
883,0.024950107571718127,0.005843901593451918,0.0256746689194345
884,0.07199549150996441,0.04209589428058013,0.07979609620252433
885,0.08504346263500859,0.0926374339325867,0.0960484802358295
886,0.07060256211677975,0.011120180262592464,0.07293003434921841
887,0.02813443014587332,0.004320926286294017,0.0264919917317878
888,0.11302256725633758,0.08115921797774041,0.09849255010597532
889,0.0863626730121846,0.017597229656506546,0.09236909723132866
890,0.1844077077040341,0.13811614990102905,0.19146725148963067
891,0.10358923697665595,0.021296179622332392,0.11479753645247007
892,0.015035767942656594,0.005790669607291399,0.013853450756659768
893,0.020797533586338984,0.017327622089814896,0.014609339321302817
894,0.00831697130371324,0.00025547390665469423,0.009598280839485543
895,0.05669478439862312,0.014580038883336772,0.05393484098289513
896,0.08800963754791408,0.020296841145119898,0.09027891009820613
897,0.03456123706730384,0.011064130478484927,0.035821520735070375
898,0.025584449711459546,0.0020498849937863823,0.02697868919263305
899,0.050461867892745656,0.05301168409177197,0.04941319781993432
900,0.01177408210330048,0.0037627412118729766,0.011546395902662087
901,0.020300312430854464,0.006615597366490961,0.019319187676260292
902,0.03549605136201572,0.02494791952840291,0.03401280121973286
903,0.05681117351303191,0.017550114315654425,0.05394052836891648
904,0.05297067316516474,0.019494121884916133,0.05355614396475347
905,0.08326448069878947,0.04041443840286442,0.0722396634136989
906,0.0701830193852133,0.012681316050950579,0.06290391032353686
907,0.006029750953660648,0.0008203101423457036,0.004803441930406383
908,0.027684047582343947,0.019422901157577187,0.02307289110813347
909,0.025403533050754577,0.0031053669935906148,0.025613620733752868
910,0.03155897129584634,0.004341456295149162,0.03482370267218311
911,0.030449614101199857,0.00878242893613572,0.025169669862163846
912,0.010499496627349645,0.0005038257974833685,0.010631060583023117
913,0.028995771005654414,0.005368937242292105,0.02553479342617395
914,0.013936221547668872,0.0009337828458246107,0.014065699093767545
915,0.039546986233805766,0.00962200669619452,0.04398019875460074
916,0.03191849935277019,0.009289089766610182,0.036989739531567215
917,0.07613502161027276,0.012143195573652347,0.07742181656271206
918,0.05629271851518595,0.014933349653739233,0.05433312016452401
919,0.055573290639368715,0.010682197575390243,0.0604953895520837
920,0.026204297136748083,0.015273952201219578,0.02532207264822846
921,0.013470721598861915,0.007384869157861461,0.01331742198642627
922,0.155243372128089,0.047328489759863805,0.16336307513334644
923,0.04292248618604899,0.024264928308283522,0.03639523223788075
924,0.044940168073041915,0.005184623421443636,0.047500317162596346
925,0.08818796871124407,0.0432604974937915,0.08842817192479248
926,0.23025231319362024,0.4917239821722398,0.24057649737353073
927,0.010965209161666803,0.0021735283423943434,0.00930814254958712
928,0.030483160543310198,0.011835762032634837,0.03047156979654493
929,0.0741629990740506,0.024726735343230985,0.07604937293593005
930,0.010638128908803455,0.002482905878347275,0.012970299580245948
931,0.020694839197241275,0.0016024319042138029,0.023941157616350076
932,0.0934555693390424,0.0664115100450089,0.09258388626805117
933,0.015146812856646414,0.0030715883382259395,0.01369693959203771
934,0.025584509386563706,0.002070588811122301,0.02467698752884667
935,0.14924595664820378,0.06414070051918426,0.15467420437949495
936,0.028433165927875658,0.010120612799204821,0.02322868464599506
937,0.016202486372328184,0.002252033137489104,0.015246182833274084
938,0.034569948352914145,0.01628940527238737,0.033769940390115674
939,0.02025621199365933,0.003042038564532565,0.019754869686497752
940,0.029104874526275797,0.00630789289795869,0.028209399163329027
941,0.005867527532382945,0.0005241497684492363,0.00586798206119689
942,0.02856258356057425,0.008789869670338624,0.030148404386995176
943,0.05484002334239146,0.050850322136838544,0.061020260913766854
944,0.036311471697682667,0.007293577510617601,0.03792459215844291
945,0.06709328716239564,0.00887227020690927,0.07372548212008688
946,0.06981593811972558,0.09413581468489468,0.08043320320886972
947,0.012020314018476027,0.0011750120797619484,0.011147227770081532
948,0.1709661827450741,0.06927614721535984,0.1663958088725898
949,0.10880007365509753,0.17541730717516346,0.12423987096731245
950,0.04133669271207997,0.07325224042568726,0.04995861857561176
951,0.07197821237305763,0.02911847321156023,0.07758964367697102
952,0.056434345666848185,0.17535883152341517,0.056353745121394974
953,0.12157453930025552,0.3504796062801589,0.1581518159062097
954,0.22606261988429885,0.2934888539600606,0.21964102428000973
955,0.25875974419073045,0.7455234066290929,0.300354579420263
956,0.20893414084116024,0.40095330111208455,0.2099245754573171
957,0.09093016693455842,0.29952480040136437,0.08819695331261249
958,0.17418513884624517,0.23174690366028658,0.1646593526862746
959,0.04666409572804505,0.04473630917266172,0.045497839861582325
960,0.07415557912567175,0.057365346172199336,0.0682075383224579
961,0.012128017418690172,0.0014269878705767162,0.01263941817438801
962,0.030113201368107644,0.007320391085151124,0.030822184765212347
963,0.03479425089912208,0.014776933875967674,0.03474735781068027
964,0.12418191380860995,0.08936486786614076,0.10760292994160638
965,0.0871994806122401,0.015185991587299521,0.088418741725994
966,0.3463221110516199,0.3839858609279025,0.3678056947228006
967,0.15339924476618266,0.11785692247851509,0.16411006308299372
968,0.15610093045057669,0.31474555723299397,0.1573328903703986
969,0.021140856332085213,0.04794070165801002,0.013742016406945407
970,0.33712930280579084,0.5051481401343357,0.35126783847293475
971,0.25114937094345885,0.16375390829330153,0.24455147529134078
972,0.07798848646619935,0.10356541513218986,0.08256034205529228
973,0.12457200341634718,0.07180461804805419,0.13126180948496988
974,0.04462598497613459,0.03315669483344446,0.03947492096421563
975,0.11889273423678855,0.12618769857041245,0.11812601276830706
976,0.09138891075430755,0.02696623392098015,0.08622597103508176
977,0.06829030475584595,0.05336474510391045,0.07603275655950084
978,0.1653539844643961,0.28062233920173607,0.16004911747728326
979,0.18249889758371557,0.41068349869827436,0.1855026488506589
980,0.14620483399678147,0.20410396557697744,0.12777999594770476
981,0.20241461629078236,0.26016550632486785,0.22466453241993364
982,0.06402181123803376,0.06199908348483897,0.06201650542098392
983,0.08995944674240285,0.06665232328360031,0.0950824479525103
984,0.23505405759399217,0.4578256271552879,0.2713074279020504
985,0.30764038680680794,0.3544497940908215,0.3354285155307642
986,0.10265635981652058,0.029076006739439143,0.10995945977960041
987,0.11551402671611632,0.2118034279530144,0.12133868189332216
988,0.03839938935547754,0.004990668178086574,0.041425191194695274
989,0.05793327525457218,0.04417170047369772,0.06108196664755118
990,0.05729536772650219,0.02061443370831177,0.06462512677646577
991,0.1474599507595564,0.10887057241744409,0.15535310156258267
992,0.04156043342196566,0.08739443705035577,0.05090469570969793
993,0.15262984299907442,0.2816552001032545,0.18067617816496453
994,0.16577928714040324,0.07347091620557965,0.1739338918760042
995,0.2464806306513712,0.2149739948521919,0.2964642040819408
996,0.20105941443726288,0.3208491714917463,0.22893498590635072
997,0.18877632310075299,0.2859167232641907,0.185799255903776
998,0.16639387602052122,0.20346346901593249,0.19344044704588415
999,0.09440326663753779,0.23080754695365724,0.09148441225838382
1000,0.04789350435749269,0.03664826536507816,0.048572291946343084
1001,0.34046141221885695,0.5484837421436345,0.3558159925048114
1002,0.2552525757817308,0.5175551308545544,0.23346961947246034
1003,0.023225451839981773,0.006179659506508179,0.02177016652293916
1004,0.0823693837898053,0.05498021521019561,0.06292887167620309
1005,0.06918607239465993,0.04653363124617779,0.07207074127043743
1006,0.08537880691838795,0.01694296746768664,0.11559854200770703
1007,0.030931439421943686,0.011192914747275063,0.03187861270638687
1008,0.08800963754791408,0.020296841145119898,0.09027891009820613
1009,0.12330063107912537,0.16608118590829832,0.10663204307499002
1010,0.038718799559022424,0.049428742891766166,0.047618023627149834
1011,0.1986472838309161,0.28772127920507523,0.2153747954181103
1012,0.02442064213299432,0.0032651116238355993,0.02165099240084725
1013,0.09730981160660658,0.13179278982972312,0.08762122152431162
1014,0.09010424489010649,0.09878403975302034,0.0813471877982165
1015,0.18233883626265301,0.10619030624052327,0.1771213208635517
1016,0.2002023829174823,0.37069098907901554,0.21949783954225363
1017,0.1827010189678226,0.12227948642743384,0.18157704684019887
1018,0.18001252736853554,0.6185177595571765,0.2065743401019999
1019,0.17452441706302643,0.2204424641250532,0.16877040467043122
